"Date","Price","Open","High","Low","Vol.","Change %"
"08/31/2026","11,315.26","11,445.90","11,456.30","11,301.01","","-1.14%"
"08/28/2026","11,445.90","11,470.79","11,564.91","11,418.98","","-0.22%"
"08/27/2026","11,470.79","11,369.18","11,470.79","11,369.18","","0.89%"
"08/26/2026","11,369.18","11,450.75","11,467.22","11,328.01","","-0.71%"
"08/25/2026","11,450.75","11,537.98","11,553.71","11,364.35","","-0.76%"
"08/24/2026","11,537.98","11,338.38","11,549.79","11,338.38","","1.76%"
"08/21/2026","11,338.38","11,238.59","11,393.20","11,238.59","","0.89%"
"08/20/2026","11,237.90","11,241.32","11,286.86","11,172.27","","-0.03%"
"08/19/2026","11,241.32","11,186.57","11,296.60","11,186.57","","0.49%"
"08/18/2026","11,186.57","11,147.83","11,199.93","11,101.12","","0.34%"
"08/17/2026","11,148.13","11,040.48","11,148.13","11,035.61","","0.96%"
"08/14/2026","11,042.67","11,000.07","11,089.84","10,998.83","","0.39%"
"08/13/2026","11,000.07","10,982.72","11,023.61","10,916.94","","0.16%"
"08/12/2026","10,982.72","11,128.42","11,236.68","10,958.69","","-1.31%"
"08/11/2026","11,128.56","11,268.81","11,307.85","11,063.95","","-1.25%"
"08/10/2026","11,268.86","11,256.28","11,302.51","11,242.29","","0.11%"
"08/07/2026","11,256.28","11,275.15","11,332.56","11,231.27","","-0.17%"
"08/06/2026","11,275.15","11,157.69","11,342.43","11,149.32","","1.05%"
"08/05/2026","11,157.69","10,996.46","11,178.57","10,996.46","","1.47%"
"08/04/2026","10,996.46","11,049.58","11,097.85","10,995.57","","-0.48%"
"08/03/2026","11,049.58","11,016.85","11,063.24","10,969.79","","0.30%"
"07/31/2026","11,016.85","11,030.67","11,040.49","10,928.20","","-0.13%"
"07/30/2026","11,030.67","10,935.89","11,037.62","10,925.23","","0.87%"
"07/29/2026","10,935.89","10,879.65","10,984.18","10,834.83","","0.52%"
"07/28/2026","10,879.65","10,962.64","10,972.93","10,829.91","","-0.77%"
"07/27/2026","10,964.11","10,950.74","11,061.37","10,950.74","","0.12%"
"07/24/2026","10,950.74","10,913.42","11,023.29","10,912.73","","0.31%"
"07/23/2026","10,916.70","11,009.22","11,040.76","10,914.31","","-0.84%"
"07/22/2026","11,009.22","10,954.04","11,018.58","10,912.93","","0.50%"
"07/21/2026","10,954.04","10,898.36","10,999.53","10,808.06","","0.52%"
"07/20/2026","10,896.87","10,887.72","10,896.87","10,767.24","","0.10%"
"07/17/2026","10,886.14","10,947.38","10,947.38","10,738.11","","-0.56%"
"07/15/2026","10,947.38","11,024.10","11,039.12","10,919.66","","-0.70%"
"07/14/2026","11,024.10","10,927.71","11,025.53","10,927.71","","1.05%"
"07/13/2026","10,909.97","11,056.87","11,056.87","10,909.97","","-0.46%"
"07/10/2026","10,960.89","11,025.29","11,062.78","10,960.89","","0.23%"
"07/09/2026","10,935.43","10,947.02","11,043.25","10,935.43","","-0.11%"
"07/08/2026","10,947.02","10,947.02","11,025.21","10,880.83","","-0.71%"
"07/07/2026","11,025.21","11,025.21","11,025.21","10,876.85","","1.34%"
"07/06/2026","10,878.99","10,878.99","10,917.53","10,821.14","","0.53%"
"07/03/2026","10,821.14","10,821.14","10,836.62","10,766.13","","0.25%"
"07/02/2026","10,794.26","10,794.26","10,910.10","10,723.08","","-0.16%"
"07/01/2026","10,811.95","10,811.95","10,908.44","10,810.17","","-0.26%"
"06/30/2026","10,839.80","10,839.80","10,861.78","10,762.98","","0.71%"
"06/26/2026","10,762.98","10,762.98","10,810.23","10,647.52","","0.53%"
"06/25/2026","10,706.25","10,706.25","10,777.62","10,630.26","","0.29%"
"06/24/2026","10,675.08","10,675.08","10,882.91","10,675.08","","-0.88%"
"06/23/2026","10,769.51","10,769.51","10,908.96","10,769.51","","-1.20%"
"06/22/2026","10,900.52","10,900.52","10,966.06","10,840.55","","0.11%"
"06/19/2026","10,888.43","10,888.43","10,909.86","10,836.99","","0.47%"
"06/18/2026","10,836.99","10,836.99","10,892.12","10,805.01","","0.24%"
"06/17/2026","10,811.51","10,811.51","10,923.79","10,805.80","","-0.84%"
"06/16/2026","10,903.59","10,903.59","10,939.44","10,878.98","","0.23%"
"06/15/2026","10,878.98","10,878.98","11,105.50","10,878.32","","-0.40%"
"06/12/2026","10,922.98","10,922.98","10,938.99","10,740.70","","1.70%"
"06/11/2026","10,740.70","10,740.70","10,760.48","10,453.45","","2.75%"
"06/10/2026","10,453.45","10,453.45","10,520.63","10,445.08","","-0.45%"
"06/09/2026","10,501.02","10,501.02","10,503.15","10,163.75","","3.32%"
"06/08/2026","10,163.75","10,163.75","10,273.09","10,143.41","","-1.06%"
"06/05/2026","10,273.09","10,273.09","10,345.82","10,260.61","","-0.30%"
"06/04/2026","10,304.04","10,304.04","10,507.83","10,293.96","","-0.54%"
"06/03/2026","10,359.94","10,359.94","10,469.18","10,326.80","","-1.04%"
"06/02/2026","10,469.18","10,469.18","10,626.41","10,444.62","","-1.48%"
"06/01/2026","10,626.41","10,626.41","10,788.19","10,599.45","","-1.50%"
"05/29/2026","10,788.19","10,788.19","10,935.48","10,788.19","","-1.00%"
"05/28/2026","10,897.17","10,897.17","10,901.14","10,810.39","","0.55%"
"05/27/2026","10,838.04","10,838.04","10,950.74","10,736.22","","0.85%"
"05/26/2026","10,747.02","10,747.02","10,825.53","10,699.82","","-0.73%"
"05/25/2026","10,825.53","10,825.53","10,830.45","10,563.88","","2.48%"
"05/22/2026","10,563.88","10,563.88","10,633.08","10,531.85","","-0.34%"
"05/20/2026","10,599.69","10,599.69","10,621.20","10,350.86","","2.40%"
"05/19/2026","10,350.86","10,350.86","10,467.78","10,321.48","","-1.12%"
"05/18/2026","10,467.78","10,467.78","10,470.30","10,330.00","","0.45%"
"05/15/2026","10,421.35","10,421.35","10,482.27","10,317.59","","-0.58%"
"05/14/2026","10,482.27","10,482.27","10,502.48","10,344.04","","0.82%"
"05/13/2026","10,396.50","10,396.50","10,640.66","10,392.31","","-2.29%"
"05/12/2026","10,640.66","10,640.66","10,702.13","10,567.90","","-0.57%"
"05/11/2026","10,702.13","10,702.13","10,833.77","10,702.01","","-0.53%"
"05/08/2026","10,758.90","10,758.90","10,873.71","10,758.90","","-1.03%"
"05/07/2026","10,871.28","10,871.28","11,043.08","10,835.71","","-0.60%"
"05/06/2026","10,937.19","10,937.19","10,937.19","10,691.27","","2.30%"
"05/05/2026","10,691.27","10,691.27","10,892.85","10,691.27","","-0.24%"
"05/04/2026","10,717.34","10,717.34","10,918.61","10,683.76","","-1.75%"
"04/30/2026","10,908.30","10,908.30","10,966.38","10,834.72","","0.46%"
"04/29/2026","10,857.99","10,857.99","11,011.93","10,840.97","","-0.44%"
"04/28/2026","10,905.45","10,905.45","11,130.03","10,903.09","","-2.02%"
"04/27/2026","11,130.03","11,130.03","11,192.95","11,012.96","","-0.39%"
"04/24/2026","11,173.51","11,173.51","11,193.29","10,992.09","","1.65%"
"04/23/2026","10,992.09","10,992.09","11,018.44","10,843.70","","-0.09%"
"04/22/2026","11,002.13","11,002.13","11,184.36","10,992.65","","-1.14%"
"04/21/2026","11,128.46","11,128.46","11,366.13","11,128.45","","-1.90%"
"04/20/2026","11,343.55","11,343.55","11,442.68","11,306.15","","-0.75%"
"04/17/2026","11,429.19","11,429.19","11,510.19","11,406.67","","-0.42%"
"04/16/2026","11,477.11","11,477.11","11,478.47","11,313.87","","1.44%"
"04/15/2026","11,313.87","11,313.87","11,358.29","11,284.27","","-0.20%"
"04/14/2026","11,336.02","11,336.02","11,350.79","11,132.84","","1.83%"
"04/13/2026","11,132.84","11,132.84","11,213.95","11,025.11","","0.51%"
"04/10/2026","11,076.65","11,076.65","11,125.56","10,958.33","","1.08%"
"04/09/2026","10,958.33","10,958.33","10,958.34","10,770.00","","0.92%"
"04/08/2026","10,858.40","10,858.40","10,923.10","10,518.40","","3.23%"
"04/07/2026","10,518.40","10,518.40","10,695.56","10,512.36","","-1.66%"
"04/06/2026","10,695.56","10,695.56","10,785.13","10,692.71","","-0.41%"
"04/02/2026","10,739.15","10,739.15","10,856.29","10,586.24","","-1.08%"
"04/01/2026","10,856.29","10,856.29","10,856.29","10,640.08","","2.03%"
"03/31/2026","10,640.08","10,640.08","10,640.08","10,382.94","","2.13%"
"03/30/2026","10,418.06","10,418.06","10,559.45","10,387.02","","0.01%"
"03/27/2026","10,417.19","10,417.19","10,500.49","10,379.92","","0.19%"
"03/26/2026","10,397.03","10,397.03","10,461.85","10,325.15","","-0.12%"
"03/25/2026","10,409.95","10,409.95","10,445.32","10,206.16","","2.00%"
"03/24/2026","10,206.16","10,206.16","10,227.64","10,122.77","","-0.21%"
"03/23/2026","10,227.64","10,227.64","10,421.67","10,227.64","","-0.49%"
"03/20/2026","10,277.51","10,277.51","10,550.07","10,277.05","","-1.87%"
"03/19/2026","10,473.45","10,473.45","10,619.69","10,389.48","","-1.38%"
"03/18/2026","10,619.69","10,619.69","10,660.03","10,541.44","","-0.01%"
"03/17/2026","10,620.89","10,620.89","10,660.92","10,553.64","","0.34%"
"03/16/2026","10,584.63","10,584.63","10,584.63","10,466.52","","1.13%"
"03/13/2026","10,466.52","10,466.52","10,469.30","10,308.10","","0.64%"
"03/12/2026","10,399.64","10,399.64","10,505.21","10,295.98","","-1.00%"
"03/11/2026","10,505.21","10,505.21","10,621.62","10,478.90","","-0.94%"
"03/10/2026","10,604.52","10,604.52","10,633.38","10,428.64","","1.69%"
"03/09/2026","10,428.64","10,428.64","10,457.91","10,099.60","","1.11%"
"03/06/2026","10,314.03","10,314.03","10,416.92","10,139.74","","0.16%"
"03/05/2026","10,297.93","10,297.93","10,588.54","10,224.45","","-1.88%"
"03/04/2026","10,494.97","10,494.97","10,499.89","10,248.96","","2.40%"
"03/03/2026","10,248.96","10,248.96","10,549.28","9,931.28","","-2.85%"
"03/02/2026","10,549.28","10,549.28","10,877.74","10,549.28","","-3.02%"
"02/27/2026","10,877.74","10,877.74","11,068.96","10,877.11","","-1.56%"
"02/26/2026","11,049.69","11,049.69","11,145.17","10,956.79","","-0.75%"
"02/25/2026","11,133.28","11,133.28","11,144.37","10,991.76","","1.29%"
"02/24/2026","10,991.76","10,991.76","11,010.60","10,904.09","","0.63%"
"02/23/2026","10,923.25","10,923.25","10,935.57","10,810.98","","0.63%"
"02/20/2026","10,855.08","10,855.08","10,865.69","10,745.67","","0.42%"
"02/19/2026","10,809.15","10,809.15","10,869.85","10,697.25","","-0.51%"
"02/18/2026","10,864.48","10,864.48","10,989.29","10,831.29","","-0.26%"
"02/17/2026","10,892.26","10,892.26","10,948.07","10,824.35","","-0.18%"
"02/16/2026","10,911.58","10,911.58","10,945.60","10,838.00","","0.13%"
"02/13/2026","10,897.74","10,897.74","10,974.84","10,800.53","","-0.70%"
"02/12/2026","10,974.84","10,974.84","11,245.03","10,949.54","","-2.17%"
"02/11/2026","11,217.82","11,217.82","11,220.08","11,009.28","","1.89%"
"02/10/2026","11,009.28","11,009.28","11,250.56","11,009.28","","-2.14%"
"02/09/2026","11,250.56","11,250.56","11,298.08","11,204.21","","0.35%"
"02/06/2026","11,210.78","11,210.78","11,350.01","11,159.68","","-0.36%"
"02/05/2026","11,251.62","11,251.62","11,425.88","11,250.14","","-1.53%"
"02/04/2026","11,425.88","11,425.88","11,692.60","11,343.95","","-1.58%"
"02/03/2026","11,609.40","11,609.40","11,671.43","11,482.46","","1.10%"
"02/02/2026","11,482.71","11,482.71","11,482.71","11,291.51","","0.55%"
"01/30/2026","11,420.07","11,420.07","11,523.45","11,341.68","","-0.90%"
"01/29/2026","11,523.45","11,523.45","11,644.13","11,478.51","","-0.90%"
"01/28/2026","11,627.58","11,627.58","11,720.12","11,541.58","","0.01%"
"01/27/2026","11,626.20","11,626.20","11,677.11","11,546.28","","0.69%"
"01/26/2026","11,546.28","11,546.28","11,600.81","11,449.21","","0.40%"
"01/23/2026","11,500.10","11,500.10","11,558.12","11,442.02","","-0.07%"
"01/22/2026","11,507.70","11,507.70","11,507.70","11,254.87","","2.25%"
"01/21/2026","11,254.87","11,254.87","11,334.31","11,159.35","","0.86%"
"01/20/2026","11,159.35","11,159.35","11,159.35","11,023.52","","0.14%"
"01/19/2026","11,143.40","11,143.40","11,161.75","11,101.94","","-0.12%"
"01/16/2026","11,156.73","11,156.73","11,157.65","10,988.01","","0.62%"
"01/15/2026","11,088.48","11,088.48","11,308.00","11,087.98","","-1.17%"
"01/14/2026","11,219.98","11,219.98","11,263.53","11,172.25","","-0.31%"
"01/13/2026","11,254.48","11,254.48","11,254.68","11,066.16","","1.70%"
"01/12/2026","11,066.16","11,066.16","11,071.76","10,929.15","","1.25%"
"01/09/2026","10,929.15","10,929.15","10,970.31","10,909.26","","0.12%"
"01/08/2026","10,916.08","10,916.08","10,951.37","10,851.60","","0.36%"
"01/07/2026","10,876.80","10,876.80","10,945.48","10,803.54","","-0.47%"
"01/06/2026","10,927.79","10,927.79","10,996.03","10,692.78","","2.19%"
"01/05/2026","10,693.57","10,693.57","10,693.66","10,428.63","","2.54%"
"01/02/2026","10,428.63","10,428.63","10,489.03","10,388.93","","-0.50%"
"12/30/2025","10,481.40","10,481.40","10,531.77","10,459.66","","-0.38%"
"12/29/2025","10,521.68","10,521.68","10,521.73","10,429.19","","0.37%"
"12/26/2025","10,483.15","10,483.15","10,483.15","10,386.99","","0.93%"
"12/24/2025","10,386.99","10,386.99","10,415.56","10,350.46","","-0.16%"
"12/23/2025","10,403.73","10,403.73","10,429.96","10,352.98","","0.14%"
"12/22/2025","10,389.39","10,389.39","10,391.16","10,304.26","","0.83%"
"12/19/2025","10,304.26","10,304.26","10,347.14","10,194.26","","1.08%"
"12/18/2025","10,194.26","10,194.26","10,203.91","10,134.52","","0.59%"
"12/17/2025","10,134.52","10,134.52","10,269.49","10,111.75","","-0.53%"
"12/16/2025","10,188.43","10,188.43","10,305.73","10,177.90","","-1.10%"
"12/15/2025","10,302.23","10,302.23","10,494.88","10,296.84","","-0.94%"
"12/12/2025","10,400.01","10,400.01","10,422.88","10,330.21","","0.36%"
"12/11/2025","10,362.86","10,362.86","10,362.86","10,170.37","","1.89%"
"12/10/2025","10,170.37","10,170.37","10,232.20","10,148.08","","-0.09%"
"12/09/2025","10,179.97","10,179.97","10,222.61","10,137.46","","-0.42%"
"12/05/2025","10,222.61","10,222.61","10,277.26","10,128.77","","0.42%"
"12/04/2025","10,179.42","10,179.42","10,218.92","10,131.36","","0.03%"
"12/03/2025","10,176.08","10,176.08","10,200.87","10,143.34","","0.29%"
"12/02/2025","10,146.49","10,146.49","10,169.14","10,112.06","","0.02%"
"12/01/2025","10,144.02","10,144.02","10,144.02","10,033.28","","0.15%"
"11/28/2025","10,128.58","10,128.58","10,129.05","10,064.16","","0.50%"
"11/27/2025","10,078.13","10,078.13","10,079.77","9,996.54","","0.80%"
"11/26/2025","9,998.30","9,998.30","10,019.89","9,950.55","","0.48%"
"11/25/2025","9,950.81","9,950.81","9,950.81","9,802.98","","1.51%"
"11/24/2025","9,802.98","9,802.98","9,870.86","9,801.16","","-0.24%"
"11/21/2025","9,826.58","9,826.58","9,827.88","9,716.08","","0.25%"
"11/20/2025","9,802.08","9,802.08","9,959.21","9,802.08","","-0.72%"
"11/19/2025","9,873.59","9,873.59","9,990.78","9,809.37","","0.65%"
"11/18/2025","9,809.37","9,809.37","9,904.47","9,697.23","","-0.96%"
"11/17/2025","9,904.47","9,904.47","9,933.37","9,603.02","","3.14%"
"11/14/2025","9,603.02","9,603.02","9,710.38","9,558.82","","-1.11%"
"11/13/2025","9,710.38","9,710.38","9,937.44","9,710.38","","-1.85%"
"11/12/2025","9,893.86","9,893.86","9,902.54","9,710.83","","1.88%"
"11/11/2025","9,710.83","9,710.83","9,734.82","9,614.45","","0.52%"
"11/10/2025","9,660.17","9,660.17","9,732.53","9,605.06","","0.57%"
"11/07/2025","9,605.06","9,605.06","9,623.70","9,450.06","","1.54%"
"11/06/2025","9,459.59","9,459.59","9,506.23","9,432.13","","0.29%"
"11/05/2025","9,432.13","9,432.13","9,449.00","9,322.90","","1.17%"
"11/04/2025","9,322.90","9,322.90","9,511.78","9,319.39","","-1.99%"
"11/03/2025","9,511.78","9,511.78","9,535.66","9,424.91","","0.88%"
"10/30/2025","9,428.89","9,428.89","9,448.35","9,317.04","","1.10%"
"10/29/2025","9,326.50","9,326.50","9,326.50","9,232.17","","1.02%"
"10/28/2025","9,232.17","9,232.17","9,261.38","9,193.00","","0.27%"
"10/27/2025","9,207.64","9,207.64","9,309.69","9,184.41","","0.25%"
"10/24/2025","9,184.41","9,184.41","9,248.97","9,149.64","","0.38%"
"10/23/2025","9,149.64","9,149.64","9,156.34","9,049.45","","1.11%"
"10/22/2025","9,049.45","9,049.45","9,119.46","9,018.83","","-0.72%"
"10/21/2025","9,114.74","9,114.74","9,187.07","9,111.44","","-0.49%"
"10/20/2025","9,159.75","9,159.75","9,186.74","9,129.98","","0.33%"
"10/17/2025","9,129.98","9,129.98","9,129.98","9,067.60","","0.20%"
"10/16/2025","9,112.15","9,112.15","9,203.52","9,088.72","","0.00%"
"10/15/2025","9,112.58","9,112.58","9,112.66","9,013.34","","1.10%"
"10/14/2025","9,013.34","9,013.34","9,013.34","8,774.10","","2.49%"
"10/13/2025","8,794.53","8,794.53","8,795.38","8,675.80","","1.37%"
"10/10/2025","8,675.80","8,675.80","8,837.99","8,669.18","","-1.62%"
"10/09/2025","8,818.68","8,818.68","8,970.28","8,769.55","","-1.02%"
"10/08/2025","8,909.39","8,909.39","8,909.39","8,818.55","","0.90%"
"10/07/2025","8,829.98","8,829.98","8,856.91","8,809.03","","-0.03%"
"10/06/2025","8,832.48","8,832.48","8,902.42","8,811.22","","-0.65%"
"10/03/2025","8,890.29","8,890.29","8,933.95","8,860.74","","-0.11%"
"10/02/2025","8,899.67","8,899.67","8,957.10","8,862.80","","-0.44%"
"10/01/2025","8,939.37","8,939.37","9,029.55","8,936.79","","-0.35%"
"09/30/2025","8,970.68","8,970.68","9,031.15","8,952.43","","-0.29%"
"09/29/2025","8,996.57","8,996.57","9,088.67","8,996.57","","-0.29%"
"09/26/2025","9,023.05","9,023.05","9,082.69","9,023.05","","-0.19%"
"09/25/2025","9,040.46","9,040.46","9,115.33","9,009.15","","-0.82%"
"09/24/2025","9,114.79","9,114.79","9,192.99","9,081.13","","-0.35%"
"09/23/2025","9,146.80","9,146.80","9,158.92","9,092.96","","0.33%"
"09/22/2025","9,116.93","9,116.93","9,116.93","8,973.81","","1.22%"
"09/17/2025","9,007.14","9,007.14","9,095.20","9,007.14","","-0.65%"
"09/16/2025","9,066.03","9,066.03","9,116.15","9,037.23","","-0.25%"
"09/15/2025","9,088.53","9,088.53","9,112.75","8,989.75","","1.10%"
"09/12/2025","8,989.75","8,989.75","9,176.53","8,986.18","","-1.77%"
"09/11/2025","9,151.39","9,151.39","9,151.39","8,973.69","","1.98%"
"09/10/2025","8,973.69","8,973.69","9,013.10","8,961.09","","-0.13%"
"09/09/2025","8,985.16","8,985.16","9,089.29","8,942.92","","-1.15%"
"09/08/2025","9,089.29","9,089.29","9,237.72","9,082.23","","-1.32%"
"09/05/2025","9,210.68","9,210.68","9,285.05","9,175.32","","0.39%"
"09/04/2025","9,175.32","9,175.32","9,175.32","9,047.78","","1.24%"
"09/03/2025","9,062.92","9,062.92","9,071.99","8,960.60","","0.79%"
"09/02/2025","8,991.50","8,991.50","8,991.56","8,868.55","","0.78%"
"09/01/2025","8,922.00","8,922.00","8,930.74","8,889.87","","0.25%"
"08/29/2025","8,899.91","8,899.91","8,941.57","8,899.51","","-0.24%"
"08/28/2025","8,920.99","8,920.99","8,920.99","8,866.75","","0.41%"
"08/27/2025","8,884.47","8,884.47","8,899.08","8,821.76","","0.65%"
"08/26/2025","8,827.00","8,827.00","8,897.76","8,767.49","","-0.63%"
"08/25/2025","8,883.36","8,883.36","8,938.20","8,854.26","","0.33%"
"08/22/2025","8,854.26","8,854.26","8,854.61","8,725.72","","1.47%"
"08/21/2025","8,725.72","8,725.72","8,745.19","8,683.66","","0.48%"
"08/20/2025","8,683.66","8,683.66","8,736.84","8,654.45","","-0.61%"
"08/19/2025","8,736.84","8,736.84","8,840.21","8,736.84","","-1.02%"
"08/18/2025","8,827.17","8,827.17","8,850.10","8,739.42","","1.00%"
"08/14/2025","8,739.42","8,739.42","8,752.17","8,655.81","","0.02%"
"08/13/2025","8,737.86","8,737.86","8,740.11","8,585.60","","1.77%"
"08/12/2025","8,585.60","8,585.60","8,624.33","8,581.18","","-0.07%"
"08/11/2025","8,591.50","8,591.50","8,649.22","8,520.53","","0.83%"
"08/08/2025","8,520.53","8,520.53","8,520.66","8,360.90","","1.91%"
"08/07/2025","8,360.90","8,360.90","8,360.90","8,247.31","","1.38%"
"08/06/2025","8,247.31","8,247.31","8,268.73","8,195.17","","0.64%"
"08/05/2025","8,195.17","8,195.17","8,240.89","8,179.22","","-0.18%"
"08/04/2025","8,209.84","8,209.84","8,220.50","8,161.33","","0.59%"
"08/01/2025","8,161.33","8,161.33","8,186.09","8,140.93","","-0.30%"
"07/31/2025","8,186.09","8,186.09","8,186.96","8,092.84","","0.80%"
"07/30/2025","8,121.45","8,121.45","8,175.06","8,118.30","","0.00%"
"07/29/2025","8,121.42","8,121.42","8,122.54","8,037.78","","0.58%"
"07/28/2025","8,074.31","8,074.31","8,221.90","8,074.31","","-1.80%"
"07/25/2025","8,221.90","8,221.90","8,221.96","8,141.82","","0.98%"
"07/24/2025","8,141.82","8,141.82","8,190.51","8,137.12","","0.01%"
"07/23/2025","8,140.70","8,140.70","8,140.70","8,084.43","","0.27%"
"07/22/2025","8,118.91","8,118.91","8,185.77","8,118.29","","-0.08%"
"07/21/2025","8,125.16","8,125.16","8,228.21","8,123.96","","-0.73%"
"07/18/2025","8,184.50","8,184.50","8,227.61","8,155.12","","-0.32%"
"07/17/2025","8,210.46","8,210.46","8,233.44","8,152.47","","0.71%"
"07/15/2025","8,152.47","8,152.47","8,237.85","8,139.26","","-0.99%"
"07/14/2025","8,233.73","8,233.73","8,254.54","8,213.41","","0.02%"
"07/11/2025","8,231.92","8,231.92","8,343.68","8,225.22","","-1.34%"
"07/10/2025","8,343.68","8,343.68","8,344.90","8,307.34","","0.17%"
"07/09/2025","8,329.49","8,329.49","8,336.79","8,301.20","","0.15%"
"07/08/2025","8,316.74","8,316.74","8,338.44","8,256.55","","0.73%"
"07/07/2025","8,256.55","8,256.55","8,285.29","8,217.06","","-0.35%"
"07/04/2025","8,285.29","8,285.29","8,304.35","8,268.55","","-0.06%"
"07/03/2025","8,290.26","8,290.26","8,305.89","8,248.59","","0.26%"
"07/02/2025","8,268.45","8,268.45","8,296.65","8,211.83","","0.69%"
"07/01/2025","8,211.83","8,211.83","8,291.46","8,208.77","","-0.43%"
"06/30/2025","8,247.57","8,247.57","8,248.18","8,166.70","","0.42%"
"06/27/2025","8,213.08","8,213.08","8,213.61","8,140.08","","0.44%"
"06/26/2025","8,176.94","8,176.94","8,213.48","8,140.84","","0.44%"
"06/25/2025","8,140.84","8,140.84","8,170.87","8,119.80","","-0.09%"
"06/24/2025","8,148.15","8,148.15","8,166.24","8,029.71","","1.48%"
"06/23/2025","8,029.71","8,029.71","8,077.48","7,943.88","","-0.59%"
"06/19/2025","8,077.48","8,077.48","8,108.06","8,033.62","","-0.11%"
"06/18/2025","8,086.72","8,086.72","8,091.57","8,048.23","","-0.06%"
"06/17/2025","8,091.57","8,091.57","8,165.29","8,082.42","","-0.90%"
"06/16/2025","8,165.29","8,165.29","8,253.10","8,165.10","","-0.54%"
"06/13/2025","8,209.92","8,209.92","8,269.44","8,177.42","","-0.72%"
"06/12/2025","8,269.44","8,269.44","8,336.53","8,265.53","","-0.61%"
"06/11/2025","8,320.11","8,320.11","8,361.63","8,227.18","","1.13%"
"06/10/2025","8,227.18","8,227.18","8,228.87","8,163.73","","0.67%"
"06/09/2025","8,172.55","8,172.55","8,196.60","8,166.07","","0.03%"
"06/06/2025","8,170.04","8,170.04","8,195.22","8,140.01","","0.30%"
"06/05/2025","8,145.59","8,145.59","8,190.56","8,145.59","","-0.30%"
"06/04/2025","8,169.98","8,169.98","8,233.75","8,111.76","","0.71%"
"06/03/2025","8,112.07","8,112.07","8,129.62","8,021.59","","0.78%"
"06/02/2025","8,048.93","8,048.93","8,092.52","8,027.46","","0.02%"
"05/30/2025","8,047.51","8,047.51","8,202.00","8,047.51","","-1.77%"
"05/29/2025","8,192.18","8,192.18","8,278.82","8,182.86","","-0.63%"
"05/28/2025","8,244.52","8,244.52","8,372.66","8,244.35","","-1.28%"
"05/27/2025","8,351.79","8,351.79","8,404.47","8,344.98","","-0.46%"
"05/26/2025","8,390.20","8,390.20","8,445.13","8,367.39","","-0.11%"
"05/23/2025","8,399.59","8,399.59","8,400.28","8,311.17","","0.38%"
"05/22/2025","8,367.62","8,367.62","8,418.33","8,350.81","","-0.60%"
"05/20/2025","8,418.33","8,418.33","8,454.17","8,387.33","","0.31%"
"05/19/2025","8,392.10","8,392.10","8,400.73","8,340.44","","0.07%"
"05/16/2025","8,386.16","8,386.16","8,412.81","8,289.38","","-0.30%"
"05/15/2025","8,411.01","8,411.01","8,492.60","8,395.00","","-0.69%"
"05/14/2025","8,469.64","8,469.64","8,479.36","8,368.76","","1.21%"
"05/13/2025","8,368.76","8,368.76","8,371.16","8,324.54","","0.51%"
"05/12/2025","8,326.19","8,326.19","8,350.78","8,233.12","","1.13%"
"05/09/2025","8,233.12","8,233.12","8,233.12","8,158.89","","0.86%"
"05/08/2025","8,162.87","8,162.87","8,206.03","8,162.87","","-0.13%"
"05/07/2025","8,173.81","8,173.81","8,192.08","8,069.80","","1.29%"
"05/06/2025","8,069.80","8,069.80","8,069.80","7,981.78","","0.62%"
"05/05/2025","8,019.77","8,019.77","8,056.54","8,010.04","","-0.24%"
"05/02/2025","8,039.23","8,039.23","8,041.92","7,953.25","","-0.02%"
"04/30/2025","8,041.14","8,041.14","8,066.62","7,961.56","","-0.23%"
"04/29/2025","8,059.40","8,059.40","8,059.40","7,986.82","","0.91%"
"04/28/2025","7,986.82","7,986.82","8,020.92","7,923.93","","-0.06%"
"04/25/2025","7,991.62","7,991.62","8,015.39","7,978.46","","-0.09%"
"04/24/2025","7,998.60","7,998.60","8,027.97","7,922.51","","0.96%"
"04/23/2025","7,922.51","7,922.51","7,942.31","7,814.36","","1.38%"
"04/22/2025","7,814.36","7,814.36","7,839.78","7,751.38","","0.81%"
"04/21/2025","7,751.38","7,751.38","7,815.25","7,748.28","","-0.82%"
"04/17/2025","7,815.25","7,815.25","7,815.25","7,710.55","","1.36%"
"04/16/2025","7,710.55","7,710.55","7,722.97","7,678.63","","0.20%"
"04/15/2025","7,695.06","7,695.06","7,695.38","7,566.99","","1.62%"
"04/14/2025","7,572.20","7,572.20","7,592.38","7,430.69","","1.90%"
"04/11/2025","7,430.69","7,430.69","7,463.69","7,354.85","","0.79%"
"04/10/2025","7,372.09","7,372.09","7,482.80","7,277.52","","-1.36%"
"04/09/2025","7,473.43","7,473.43","7,473.43","7,137.32","","4.33%"
"04/08/2025","7,163.09","7,163.09","7,360.40","7,151.04","","-1.23%"
"04/07/2025","7,252.56","7,252.56","7,504.21","7,231.87","","-3.35%"
"04/04/2025","7,504.21","7,504.21","7,719.22","7,483.97","","-2.79%"
"04/03/2025","7,719.22","7,719.22","7,729.44","7,604.08","","0.27%"
"04/02/2025","7,698.70","7,698.70","7,717.41","7,662.97","","0.17%"
"04/01/2025","7,685.60","7,685.60","7,709.62","7,642.84","","0.48%"
"03/31/2025","7,648.59","7,648.59","7,694.82","7,617.14","","-0.60%"
"03/28/2025","7,694.49","7,694.49","7,694.49","7,648.86","","0.53%"
"03/27/2025","7,654.06","7,654.06","7,654.70","7,590.22","","0.80%"
"03/26/2025","7,593.44","7,593.44","7,626.89","7,569.16","","-0.17%"
"03/25/2025","7,606.42","7,606.42","7,632.66","7,588.11","","-0.34%"
"03/24/2025","7,632.66","7,632.66","7,656.77","7,585.81","","0.62%"
"03/21/2025","7,585.81","7,585.81","7,603.37","7,571.25","","0.14%"
"03/20/2025","7,575.53","7,575.53","7,603.37","7,562.08","","-0.26%"
"03/19/2025","7,594.95","7,594.95","7,611.04","7,578.29","","0.12%"
"03/18/2025","7,585.61","7,585.61","7,616.95","7,579.57","","-0.21%"
"03/17/2025","7,601.82","7,601.82","7,602.68","7,509.00","","1.24%"
"03/14/2025","7,509.00","7,509.00","7,519.82","7,449.87","","0.79%"
"03/13/2025","7,449.87","7,449.87","7,451.41","7,385.99","","0.79%"
"03/12/2025","7,391.30","7,391.30","7,391.30","7,327.35","","0.35%"
"03/11/2025","7,365.82","7,365.82","7,412.79","7,352.79","","-0.05%"
"03/10/2025","7,369.67","7,369.67","7,397.06","7,354.50","","-0.10%"
"03/07/2025","7,377.09","7,377.09","7,411.96","7,370.32","","0.09%"
"03/06/2025","7,370.32","7,370.32","7,370.32","7,313.36","","0.51%"
"03/05/2025","7,333.10","7,333.10","7,354.62","7,310.02","","0.26%"
"03/04/2025","7,313.89","7,313.89","7,344.96","7,273.20","","-0.42%"
"03/03/2025","7,344.96","7,344.96","7,371.60","7,327.19","","0.18%"
"02/28/2025","7,332.12","7,332.12","7,396.81","7,318.30","","-0.82%"
"02/27/2025","7,392.85","7,392.85","7,392.88","7,349.94","","0.57%"
"02/26/2025","7,351.06","7,351.06","7,351.06","7,311.89","","0.48%"
"02/25/2025","7,316.01","7,316.01","7,316.72","7,294.95","","0.06%"
"02/24/2025","7,311.33","7,311.33","7,336.04","7,273.83","","-0.01%"
"02/21/2025","7,311.75","7,311.75","7,351.88","7,302.87","","-0.15%"
"02/20/2025","7,322.48","7,322.48","7,341.38","7,276.52","","0.57%"
"02/19/2025","7,281.33","7,281.33","7,304.29","7,257.56","","-0.23%"
"02/18/2025","7,297.91","7,297.91","7,323.31","7,254.47","","-0.08%"
"02/17/2025","7,303.62","7,303.62","7,378.20","7,270.41","","-0.76%"
"02/14/2025","7,359.91","7,359.91","7,365.42","7,328.35","","0.43%"
"02/13/2025","7,328.35","7,328.35","7,328.35","7,282.34","","0.63%"
"02/12/2025","7,282.34","7,282.34","7,326.85","7,269.47","","0.06%"
"02/11/2025","7,278.04","7,278.04","7,315.82","7,251.30","","-0.23%"
"02/10/2025","7,294.64","7,294.64","7,322.64","7,272.50","","0.13%"
"02/07/2025","7,285.11","7,285.11","7,314.22","7,261.68","","-0.22%"
"02/06/2025","7,301.44","7,301.44","7,312.47","7,245.54","","0.38%"
"02/05/2025","7,273.99","7,273.99","7,301.17","7,246.49","","0.07%"
"02/04/2025","7,269.19","7,269.19","7,297.30","7,204.69","","0.90%"
"02/03/2025","7,204.69","7,204.69","7,204.70","7,113.68","","0.07%"
"01/31/2025","7,199.59","7,199.59","7,307.72","7,199.59","","-0.31%"
"01/30/2025","7,222.08","7,222.08","7,226.37","7,088.79","","1.88%"
"01/29/2025","7,088.79","7,088.79","7,094.83","7,035.01","","0.76%"
"01/28/2025","7,035.01","7,035.01","7,065.59","7,020.38","","0.09%"
"01/27/2025","7,028.46","7,028.46","7,088.52","6,989.06","","-0.57%"
"01/24/2025","7,068.67","7,068.67","7,082.06","7,046.23","","0.25%"
"01/23/2025","7,050.96","7,050.96","7,052.03","7,004.90","","0.34%"
"01/22/2025","7,026.97","7,026.97","7,055.95","7,021.00","","-0.16%"
"01/21/2025","7,038.23","7,038.23","7,039.83","6,958.79","","0.40%"
"01/20/2025","7,010.22","7,010.22","7,010.59","6,958.79","","0.74%"
"01/17/2025","6,958.79","6,958.79","6,992.72","6,945.06","","0.02%"
"01/16/2025","6,957.67","6,957.67","6,957.67","6,888.85","","0.84%"
"01/15/2025","6,900.05","6,900.05","6,900.64","6,823.01","","1.13%"
"01/14/2025","6,823.01","6,823.01","6,832.79","6,756.50","","0.98%"
"01/13/2025","6,756.50","6,756.50","6,814.12","6,756.47","","-0.85%"
"01/10/2025","6,814.12","6,814.12","6,821.52","6,782.36","","0.17%"
"01/09/2025","6,802.58","6,802.58","6,817.11","6,762.74","","0.59%"
"01/08/2025","6,762.74","6,762.74","6,806.61","6,762.73","","-0.64%"
"01/07/2025","6,806.47","6,806.47","6,812.78","6,780.03","","0.39%"
"01/06/2025","6,780.03","6,780.03","6,780.66","6,700.98","","1.18%"
"01/03/2025","6,700.98","6,700.98","6,712.90","6,681.92","","0.29%"
"01/02/2025","6,681.92","6,681.92","6,731.70","6,676.52","","-0.42%"
"12/30/2024","6,710.02","6,710.02","6,722.68","6,690.70","","0.10%"
"12/27/2024","6,703.27","6,703.27","6,723.28","6,690.30","","0.18%"
"12/26/2024","6,691.09","6,691.09","6,708.72","6,677.98","","0.16%"
"12/24/2024","6,680.17","6,680.17","6,682.60","6,653.24","","0.22%"
"12/23/2024","6,665.37","6,665.37","6,710.81","6,636.69","","-0.53%"
"12/20/2024","6,700.82","6,700.82","6,700.82","6,659.82","","0.01%"
"12/19/2024","6,699.84","6,699.84","6,731.49","6,657.37","","-0.47%"
"12/18/2024","6,731.49","6,731.49","6,746.19","6,713.28","","0.02%"
"12/17/2024","6,730.22","6,730.22","6,806.56","6,730.22","","-1.01%"
"12/16/2024","6,798.99","6,798.99","6,806.67","6,761.85","","0.47%"
"12/13/2024","6,767.25","6,767.25","6,796.95","6,764.42","","-0.20%"
"12/12/2024","6,781.04","6,781.04","6,781.65","6,712.31","","0.73%"
"12/11/2024","6,731.67","6,731.67","6,734.10","6,702.64","","0.17%"
"12/10/2024","6,720.21","6,720.21","6,721.13","6,691.98","","0.09%"
"12/09/2024","6,714.12","6,714.12","6,735.28","6,648.65","","0.98%"
"12/06/2024","6,648.65","6,648.65","6,682.22","6,647.55","","-0.17%"
"12/05/2024","6,660.14","6,660.14","6,660.14","6,616.26","","0.43%"
"12/04/2024","6,631.36","6,631.36","6,644.79","6,617.53","","0.02%"
"12/03/2024","6,629.72","6,629.72","6,663.34","6,621.20","","-0.15%"
"12/02/2024","6,639.86","6,639.86","6,639.86","6,568.41","","0.96%"
"11/29/2024","6,576.60","6,576.60","6,605.44","6,562.73","","-0.16%"
"11/28/2024","6,587.35","6,587.35","6,605.52","6,577.91","","0.13%"
"11/27/2024","6,578.98","6,578.98","6,602.13","6,558.30","","0.32%"
"11/26/2024","6,558.30","6,558.30","6,571.74","6,543.84","","0.14%"
"11/25/2024","6,549.16","6,549.16","6,588.00","6,549.16","","-0.23%"
"11/22/2024","6,564.16","6,564.16","6,596.76","6,542.55","","-0.44%"
"11/21/2024","6,592.93","6,592.93","6,614.79","6,559.72","","0.25%"
"11/20/2024","6,576.33","6,576.33","6,613.63","6,539.71","","0.41%"
"11/19/2024","6,549.37","6,549.37","6,586.87","6,541.94","","0.11%"
"11/18/2024","6,542.39","6,542.39","6,558.85","6,502.81","","0.24%"
"11/15/2024","6,527.02","6,527.02","6,528.26","6,464.09","","0.74%"
"11/14/2024","6,478.97","6,478.97","6,560.95","6,472.32","","-1.21%"
"11/13/2024","6,558.50","6,558.50","6,578.68","6,508.64","","0.77%"
"11/12/2024","6,508.64","6,508.64","6,554.80","6,501.03","","-0.47%"
"11/11/2024","6,539.35","6,539.35","6,563.18","6,519.72","","0.30%"
"11/08/2024","6,519.72","6,519.72","6,563.23","6,498.48","","-0.64%"
"11/07/2024","6,561.83","6,561.83","6,618.23","6,550.57","","-0.27%"
"11/06/2024","6,579.65","6,579.65","6,586.70","6,469.38","","0.83%"
"11/05/2024","6,525.38","6,525.38","6,643.80","6,524.21","","-1.58%"
"11/04/2024","6,629.96","6,629.96","6,647.44","6,547.91","","1.22%"
"10/30/2024","6,550.32","6,550.32","6,680.98","6,550.08","","-1.83%"
"10/29/2024","6,672.61","6,672.61","6,752.58","6,660.71","","-0.93%"
"10/28/2024","6,735.46","6,735.46","6,780.84","6,731.71","","-0.28%"
"10/25/2024","6,754.69","6,754.69","6,776.77","6,724.29","","0.43%"
"10/24/2024","6,725.80","6,725.80","6,741.04","6,686.98","","0.58%"
"10/23/2024","6,686.98","6,686.98","6,720.96","6,667.24","","0.18%"
"10/22/2024","6,674.66","6,674.66","6,688.27","6,664.45","","0.05%"
"10/21/2024","6,671.07","6,671.07","6,671.10","6,625.78","","0.41%"
"10/18/2024","6,643.52","6,643.52","6,649.46","6,571.59","","1.09%"
"10/17/2024","6,571.59","6,571.59","6,582.29","6,527.45","","0.44%"
"10/16/2024","6,542.64","6,542.64","6,595.21","6,541.63","","-0.25%"
"10/15/2024","6,558.98","6,558.98","6,572.00","6,521.65","","-0.20%"
"10/14/2024","6,572.00","6,572.00","6,573.24","6,526.63","","-0.01%"
"10/11/2024","6,572.95","6,572.95","6,578.77","6,543.71","","-0.09%"
"10/10/2024","6,578.77","6,578.77","6,578.77","6,526.02","","0.57%"
"10/09/2024","6,541.29","6,541.29","6,547.71","6,492.75","","0.75%"
"10/08/2024","6,492.75","6,492.75","6,506.83","6,434.65","","0.27%"
"10/07/2024","6,475.15","6,475.15","6,519.74","6,442.04","","-0.09%"
"10/04/2024","6,480.93","6,480.93","6,480.93","6,389.82","","1.43%"
"10/03/2024","6,389.82","6,389.82","6,396.82","6,336.11","","-0.04%"
"10/02/2024","6,392.09","6,392.09","6,455.62","6,391.80","","-0.88%"
"10/01/2024","6,448.86","6,448.86","6,496.94","6,417.82","","-0.64%"
"09/30/2024","6,490.57","6,490.57","6,546.77","6,482.63","","-0.61%"
"09/27/2024","6,530.73","6,530.73","6,581.11","6,529.98","","0.01%"
"09/26/2024","6,529.98","6,529.98","6,529.98","6,440.87","","1.38%"
"09/25/2024","6,440.87","6,440.87","6,467.10","6,415.09","","-0.14%"
"09/24/2024","6,449.90","6,449.90","6,455.40","6,374.35","","1.19%"
"09/23/2024","6,374.35","6,374.35","6,374.35","6,310.61","","0.65%"
"09/17/2024","6,333.16","6,333.16","6,362.14","6,322.66","","-0.22%"
"09/16/2024","6,346.81","6,346.81","6,359.64","6,319.91","","-0.07%"
"09/13/2024","6,351.31","6,351.31","6,373.42","6,327.18","","0.13%"
"09/12/2024","6,343.16","6,343.16","6,343.16","6,297.55","","0.66%"
"09/11/2024","6,301.58","6,301.58","6,316.31","6,214.86","","1.40%"
"09/10/2024","6,214.86","6,214.86","6,268.62","6,206.93","","-0.28%"
"09/09/2024","6,232.11","6,232.11","6,297.31","6,230.20","","-0.21%"
"09/06/2024","6,245.42","6,245.42","6,361.59","6,242.96","","-1.83%"
"09/05/2024","6,361.59","6,361.59","6,403.76","6,346.16","","-0.43%"
"09/04/2024","6,389.05","6,389.05","6,437.02","6,387.18","","0.03%"
"09/03/2024","6,387.18","6,387.18","6,456.73","6,375.33","","-1.07%"
"09/02/2024","6,456.25","6,456.25","6,470.78","6,439.52","","-0.06%"
"08/30/2024","6,459.96","6,459.96","6,486.18","6,436.46","","0.18%"
"08/29/2024","6,448.28","6,448.28","6,461.05","6,385.52","","0.98%"
"08/28/2024","6,385.52","6,385.52","6,408.03","6,364.71","","0.09%"
"08/27/2024","6,379.46","6,379.46","6,448.73","6,379.46","","-0.97%"
"08/26/2024","6,442.19","6,442.19","6,496.44","6,434.13","","-0.33%"
"08/23/2024","6,463.24","6,463.24","6,510.00","6,461.66","","-0.20%"
"08/22/2024","6,476.39","6,476.39","6,504.54","6,436.76","","-0.29%"
"08/21/2024","6,495.43","6,495.43","6,520.79","6,461.84","","0.07%"
"08/20/2024","6,491.04","6,491.04","6,509.55","6,458.78","","0.50%"
"08/19/2024","6,458.78","6,458.78","6,481.91","6,438.62","","0.02%"
"08/16/2024","6,457.74","6,457.74","6,474.26","6,404.35","","0.82%"
"08/14/2024","6,405.12","6,405.12","6,405.96","6,297.00","","0.56%"
"08/13/2024","6,369.74","6,369.74","6,373.95","6,326.05","","0.69%"
"08/12/2024","6,326.05","6,326.05","6,351.44","6,318.98","","0.08%"
"08/09/2024","6,320.96","6,320.96","6,340.52","6,293.62","","0.43%"
"08/08/2024","6,293.62","6,293.62","6,293.76","6,185.46","","1.63%"
"08/07/2024","6,192.69","6,192.69","6,263.88","6,174.68","","0.23%"
"08/06/2024","6,178.55","6,178.55","6,191.48","6,098.87","","1.31%"
"08/05/2024","6,098.87","6,098.87","6,315.46","6,092.88","","-3.43%"
"08/02/2024","6,315.46","6,315.46","6,418.15","6,290.44","","-1.60%"
"08/01/2024","6,418.15","6,418.15","6,453.68","6,379.61","","-0.35%"
"07/31/2024","6,440.56","6,440.56","6,500.78","6,440.56","","-0.40%"
"07/30/2024","6,466.13","6,466.13","6,494.05","6,466.13","","-0.31%"
"07/29/2024","6,486.19","6,486.19","6,487.34","6,422.00","","0.84%"
"07/26/2024","6,432.16","6,432.16","6,486.64","6,432.16","","-0.14%"
"07/25/2024","6,441.01","6,441.01","6,513.85","6,441.01","","-1.12%"
"07/24/2024","6,513.85","6,513.85","6,558.35","6,507.62","","-0.57%"
"07/23/2024","6,551.36","6,551.36","6,601.60","6,551.36","","-0.75%"
"07/22/2024","6,600.64","6,600.64","6,603.10","6,558.68","","0.64%"
"07/19/2024","6,558.68","6,558.68","6,588.59","6,549.51","","-0.27%"
"07/18/2024","6,576.70","6,576.70","6,616.84","6,553.23","","0.12%"
"07/17/2024","6,568.77","6,568.77","6,597.30","6,521.34","","0.04%"
"07/15/2024","6,566.38","6,566.38","6,588.90","6,533.47","","0.25%"
"07/12/2024","6,550.01","6,550.01","6,551.99","6,503.74","","0.08%"
"07/11/2024","6,544.62","6,544.62","6,544.62","6,467.17","","1.20%"
"07/10/2024","6,467.17","6,467.17","6,496.04","6,453.92","","-0.05%"
"07/09/2024","6,470.13","6,470.13","6,520.93","6,470.13","","-0.78%"
"07/08/2024","6,520.93","6,520.93","6,522.01","6,473.59","","0.57%"
"07/05/2024","6,483.67","6,483.67","6,532.51","6,467.63","","-0.75%"
"07/04/2024","6,532.51","6,532.51","6,551.99","6,510.14","","-0.02%"
"07/03/2024","6,533.69","6,533.69","6,534.61","6,385.39","","2.32%"
"07/02/2024","6,385.39","6,385.39","6,412.20","6,344.04","","-0.34%"
"07/01/2024","6,406.94","6,406.94","6,465.55","6,381.43","","-0.11%"
"06/28/2024","6,413.88","6,413.88","6,504.53","6,413.81","","-1.39%"
"06/27/2024","6,504.53","6,504.53","6,512.13","6,479.14","","-0.12%"
"06/26/2024","6,512.13","6,512.13","6,554.54","6,412.01","","1.56%"
"06/25/2024","6,412.01","6,412.01","6,514.78","6,410.17","","-1.22%"
"06/24/2024","6,491.50","6,491.50","6,496.58","6,454.76","","0.04%"
"06/21/2024","6,488.75","6,488.75","6,589.32","6,488.75","","-1.53%"
"06/19/2024","6,589.32","6,589.32","6,590.75","6,541.44","","0.71%"
"06/18/2024","6,542.55","6,542.55","6,555.41","6,506.51","","0.55%"
"06/17/2024","6,506.51","6,506.51","6,527.46","6,485.16","","-0.18%"
"06/14/2024","6,518.11","6,518.11","6,518.12","6,454.44","","0.49%"
"06/13/2024","6,486.36","6,486.36","6,552.00","6,486.36","","-0.75%"
"06/12/2024","6,535.26","6,535.26","6,586.35","6,521.31","","-0.09%"
"06/11/2024","6,541.45","6,541.45","6,622.04","6,540.65","","-1.22%"
"06/10/2024","6,622.04","6,622.04","6,670.43","6,621.66","","-0.24%"
"06/07/2024","6,637.66","6,637.66","6,701.09","6,629.13","","-0.75%"
"06/06/2024","6,688.12","6,688.12","6,688.65","6,649.26","","0.48%"
"06/05/2024","6,655.87","6,655.87","6,678.11","6,597.70","","0.88%"
"06/04/2024","6,597.70","6,597.70","6,622.29","6,579.07","","-0.25%"
"06/03/2024","6,614.36","6,614.36","6,649.96","6,591.65","","-0.28%"
"05/31/2024","6,632.80","6,632.80","6,675.91","6,593.94","","-0.10%"
"05/30/2024","6,639.13","6,639.13","6,703.21","6,631.83","","-0.64%"
"05/29/2024","6,681.68","6,681.68","6,834.65","6,681.68","","-1.14%"
"05/28/2024","6,759.04","6,759.04","6,834.65","6,759.04","","-0.76%"
"05/27/2024","6,810.91","6,810.91","6,826.19","6,775.88","","0.52%"
"05/24/2024","6,775.88","6,775.88","6,814.42","6,766.87","","-0.09%"
"05/23/2024","6,781.88","6,781.88","6,794.64","6,737.61","","0.66%"
"05/22/2024","6,737.61","6,737.61","6,744.76","6,690.19","","0.41%"
"05/20/2024","6,710.41","6,710.41","6,716.87","6,658.98","","0.77%"
"05/17/2024","6,658.98","6,658.98","6,678.30","6,649.04","","0.11%"
"05/16/2024","6,651.46","6,651.46","6,720.29","6,651.46","","-0.90%"
"05/15/2024","6,711.70","6,711.70","6,756.72","6,711.31","","-0.25%"
"05/14/2024","6,728.41","6,728.41","6,740.34","6,670.59","","0.50%"
"05/13/2024","6,695.26","6,695.26","6,697.14","6,640.32","","0.83%"
"05/10/2024","6,640.32","6,640.32","6,687.94","6,599.40","","0.16%"
"05/09/2024","6,629.90","6,629.90","6,687.94","6,629.39","","-0.22%"
"05/08/2024","6,644.43","6,644.43","6,644.96","6,576.96","","0.66%"
"05/07/2024","6,600.83","6,600.83","6,602.23","6,496.01","","1.60%"
"05/06/2024","6,496.72","6,496.72","6,593.23","6,494.06","","-0.95%"
"05/03/2024","6,559.05","6,559.05","6,570.92","6,497.82","","0.94%"
"05/02/2024","6,497.82","6,497.82","6,539.27","6,490.83","","-0.22%"
"04/30/2024","6,511.93","6,511.93","6,551.64","6,491.57","","-0.59%"
"04/29/2024","6,550.39","6,550.39","6,551.33","6,393.15","","2.46%"
"04/26/2024","6,393.15","6,393.15","6,394.20","6,311.56","","1.29%"
"04/25/2024","6,311.56","6,311.56","6,377.71","6,310.07","","-0.82%"
"04/24/2024","6,363.48","6,363.48","6,472.51","6,363.48","","-1.61%"
"04/23/2024","6,467.81","6,467.81","6,478.92","6,369.56","","1.47%"
"04/22/2024","6,374.35","6,374.35","6,374.92","6,332.30","","0.15%"
"04/19/2024","6,365.09","6,365.09","6,469.67","6,365.09","","-1.34%"
"04/18/2024","6,451.30","6,451.30","6,473.61","6,432.52","","-0.07%"
"04/17/2024","6,455.59","6,455.59","6,474.91","6,384.88","","0.39%"
"04/16/2024","6,430.61","6,430.61","6,479.67","6,407.34","","-0.76%"
"04/15/2024","6,479.67","6,479.67","6,609.96","6,463.43","","-1.29%"
"04/12/2024","6,564.10","6,564.10","6,729.37","6,545.19","","-2.41%"
"04/11/2024","6,726.52","6,726.52","6,729.97","6,680.32","","0.58%"
"04/10/2024","6,688.02","6,688.02","6,702.19","6,640.69","","0.29%"
"04/09/2024","6,668.55","6,668.55","6,670.35","6,603.31","","0.99%"
"04/08/2024","6,603.31","6,603.31","6,606.16","6,512.36","","1.40%"
"04/05/2024","6,512.36","6,512.36","6,590.24","6,511.10","","-1.16%"
"04/04/2024","6,588.75","6,588.75","6,667.90","6,588.75","","-0.42%"
"04/03/2024","6,616.76","6,616.76","6,642.13","6,602.82","","-0.26%"
"04/02/2024","6,634.20","6,634.20","6,649.13","6,589.99","","-0.06%"
"04/01/2024","6,637.91","6,637.91","6,705.61","6,615.42","","-0.09%"
"03/28/2024","6,643.76","6,643.76","6,681.04","6,597.94","","0.69%"
"03/27/2024","6,597.94","6,597.94","6,604.11","6,507.66","","1.19%"
"03/26/2024","6,520.39","6,520.39","6,572.31","6,462.76","","0.40%"
"03/25/2024","6,494.29","6,494.29","6,572.31","6,462.76","","-0.34%"
"03/22/2024","6,516.37","6,516.37","6,532.83","6,472.19","","0.47%"
"03/21/2024","6,485.92","6,485.92","6,583.18","6,485.02","","-0.24%"
"03/20/2024","6,501.27","6,501.27","6,501.27","6,416.89","","1.31%"
"03/19/2024","6,416.89","6,416.89","6,454.41","6,416.61","","-0.58%"
"03/18/2024","6,454.41","6,454.41","6,518.02","6,449.10","","-0.14%"
"03/15/2024","6,463.76","6,463.76","6,488.33","6,460.71","","0.05%"
"03/14/2024","6,460.71","6,460.71","6,497.34","6,424.98","","-0.47%"
"03/13/2024","6,491.11","6,491.11","6,523.41","6,486.56","","-0.17%"
"03/12/2024","6,502.18","6,502.18","6,502.18","6,416.46","","1.34%"
"03/11/2024","6,416.46","6,416.46","6,417.27","6,331.68","","1.24%"
"03/08/2024","6,337.61","6,337.61","6,384.43","6,337.61","","-0.31%"
"03/07/2024","6,357.56","6,357.56","6,382.59","6,331.93","","0.15%"
"03/06/2024","6,348.02","6,348.02","6,388.41","6,258.86","","1.42%"
"03/05/2024","6,258.86","6,258.86","6,340.77","6,240.33","","-1.29%"
"03/04/2024","6,340.77","6,340.77","6,510.94","6,339.45","","-2.17%"
"03/01/2024","6,481.25","6,481.25","6,498.65","6,449.88","","0.49%"
"02/29/2024","6,449.88","6,449.88","6,472.62","6,344.44","","1.66%"
"02/28/2024","6,344.44","6,344.44","6,381.43","6,322.20","","0.35%"
"02/27/2024","6,322.20","6,322.20","6,322.20","6,208.29","","1.83%"
"02/26/2024","6,208.29","6,208.29","6,229.29","6,185.04","","0.30%"
"02/23/2024","6,189.56","6,189.56","6,252.18","6,188.91","","-0.77%"
"02/22/2024","6,237.63","6,237.63","6,307.77","6,216.56","","-0.22%"
"02/21/2024","6,251.42","6,251.42","6,349.04","6,251.42","","-1.54%"
"02/20/2024","6,349.00","6,349.00","6,402.88","6,309.02","","-0.53%"
"02/19/2024","6,382.51","6,382.51","6,384.46","6,302.56","","0.72%"
"02/16/2024","6,336.81","6,336.81","6,336.81","6,188.40","","2.40%"
"02/15/2024","6,188.40","6,188.40","6,193.48","6,081.97","","1.73%"
"02/14/2024","6,083.37","6,083.37","6,085.23","6,024.12","","0.98%"
"02/13/2024","6,024.12","6,024.12","6,115.97","6,014.33","","-1.26%"
"02/12/2024","6,100.93","6,100.93","6,107.98","6,032.61","","1.13%"
"02/09/2024","6,032.61","6,032.61","6,035.26","6,001.20","","0.52%"
"02/08/2024","6,001.20","6,001.20","6,016.39","5,979.87","","-0.15%"
"02/07/2024","6,010.29","6,010.29","6,026.54","5,995.95","","0.08%"
"02/06/2024","6,005.19","6,005.19","6,032.77","5,983.95","","0.00%"
"02/05/2024","6,005.28","6,005.28","6,014.02","5,957.01","","0.18%"
"02/02/2024","5,994.60","5,994.60","6,060.34","5,972.79","","-0.94%"
"02/01/2024","6,051.42","6,051.42","6,067.05","5,981.84","","1.07%"
"01/31/2024","5,987.14","5,987.14","6,004.00","5,961.59","","0.28%"
"01/30/2024","5,970.63","5,970.63","6,069.01","5,970.04","","-1.55%"
"01/29/2024","6,064.57","6,064.57","6,090.20","6,042.18","","0.10%"
"01/26/2024","6,058.58","6,058.58","6,074.34","5,987.47","","1.19%"
"01/25/2024","5,987.47","5,987.47","6,063.23","5,982.06","","-1.16%"
"01/24/2024","6,057.80","6,057.80","6,062.99","5,964.58","","1.56%"
"01/23/2024","5,964.58","5,964.58","5,985.63","5,921.04","","0.74%"
"01/22/2024","5,921.04","5,921.04","5,926.09","5,832.36","","1.31%"
"01/19/2024","5,844.56","5,844.56","5,894.31","5,822.96","","-0.39%"
"01/18/2024","5,867.72","5,867.72","5,949.07","5,867.61","","-0.58%"
"01/17/2024","5,901.72","5,901.72","5,972.80","5,901.72","","-1.15%"
"01/16/2024","5,970.45","5,970.45","6,013.71","5,968.85","","-0.43%"
"01/15/2024","5,995.96","5,995.96","5,997.60","5,932.53","","0.46%"
"01/12/2024","5,968.61","5,968.61","6,040.56","5,968.61","","-1.00%"
"01/11/2024","6,029.02","6,029.02","6,065.12","6,007.15","","-0.45%"
"01/10/2024","6,056.06","6,056.06","6,107.72","6,051.04","","-0.85%"
"01/09/2024","6,107.72","6,107.72","6,107.72","6,047.99","","0.85%"
"01/08/2024","6,056.32","6,056.32","6,078.92","6,040.54","","0.14%"
"01/05/2024","6,047.64","6,047.64","6,091.09","5,989.57","","-0.47%"
"01/04/2024","6,076.18","6,076.18","6,168.78","6,058.16","","-1.03%"
"01/03/2024","6,139.45","6,139.45","6,210.59","6,109.56","","-1.15%"
"01/02/2024","6,210.59","6,210.59","6,210.59","6,152.61","","0.21%"
"12/29/2023","6,197.77","6,197.77","6,286.85","6,181.80","","-0.83%"
"12/28/2023","6,249.47","6,249.47","6,292.42","6,201.66","","0.77%"
"12/27/2023","6,201.66","6,201.66","6,231.71","6,191.15","","-0.26%"
"12/26/2023","6,218.05","6,218.05","6,233.73","6,153.66","","1.05%"
"12/22/2023","6,153.66","6,153.66","6,156.38","6,105.84","","0.75%"
"12/21/2023","6,107.78","6,107.78","6,109.70","6,045.88","","0.56%"
"12/20/2023","6,073.86","6,073.86","6,095.69","6,060.44","","0.22%"
"12/19/2023","6,060.44","6,060.44","6,098.24","6,037.83","","0.15%"
"12/18/2023","6,051.52","6,051.52","6,190.00","6,051.46","","-1.41%"
"12/15/2023","6,138.10","6,138.10","6,207.00","6,138.09","","-0.14%"
"12/14/2023","6,146.59","6,146.59","6,150.83","6,020.41","","2.10%"
"12/13/2023","6,020.41","6,020.41","6,030.24","5,905.45","","1.81%"
"12/12/2023","5,913.50","5,913.50","5,915.56","5,869.02","","0.49%"
"12/11/2023","5,884.78","5,884.78","5,970.81","5,844.67","","-1.44%"
"12/07/2023","5,970.81","5,970.81","5,971.46","5,910.72","","0.86%"
"12/06/2023","5,920.01","5,920.01","5,941.13","5,905.31","","0.25%"
"12/05/2023","5,905.31","5,905.31","5,905.31","5,807.82","","1.41%"
"12/04/2023","5,823.36","5,823.36","5,886.71","5,823.36","","-1.08%"
"12/01/2023","5,886.71","5,886.71","5,888.32","5,791.54","","1.17%"
"11/30/2023","5,818.51","5,818.51","5,826.68","5,760.23","","0.44%"
"11/29/2023","5,792.78","5,792.78","5,809.19","5,773.34","","0.28%"
"11/28/2023","5,776.56","5,776.56","5,783.53","5,743.32","","0.33%"
"11/27/2023","5,757.42","5,757.42","5,776.74","5,735.09","","-0.33%"
"11/24/2023","5,776.74","5,776.74","5,820.47","5,774.93","","-0.52%"
"11/23/2023","5,807.19","5,807.19","5,816.72","5,771.43","","0.11%"
"11/22/2023","5,800.57","5,800.57","5,805.05","5,773.10","","0.18%"
"11/21/2023","5,790.24","5,790.24","5,842.33","5,776.07","","-0.88%"
"11/20/2023","5,841.76","5,841.76","5,844.21","5,771.10","","1.22%"
"11/17/2023","5,771.10","5,771.10","5,778.01","5,721.15","","0.72%"
"11/16/2023","5,729.71","5,729.71","5,775.88","5,688.68","","-0.79%"
"11/15/2023","5,775.38","5,775.38","5,783.04","5,712.10","","1.11%"
"11/14/2023","5,712.10","5,712.10","5,737.65","5,681.31","","-0.26%"
"11/13/2023","5,726.94","5,726.94","5,726.94","5,607.69","","1.93%"
"11/10/2023","5,618.68","5,618.68","5,647.69","5,609.76","","-0.21%"
"11/09/2023","5,630.63","5,630.63","5,695.36","5,620.87","","-0.31%"
"11/08/2023","5,647.95","5,647.95","5,687.97","5,645.71","","-0.05%"
"11/07/2023","5,650.77","5,650.77","5,656.72","5,569.92","","1.35%"
"11/06/2023","5,575.48","5,575.48","5,661.92","5,560.51","","-0.80%"
"11/03/2023","5,620.57","5,620.57","5,620.71","5,460.57","","2.93%"
"11/02/2023","5,460.65","5,460.65","5,466.13","5,365.27","","0.98%"
"10/31/2023","5,407.50","5,407.50","5,462.89","5,369.95","","-0.48%"
"10/30/2023","5,433.36","5,433.36","5,568.35","5,433.36","","-2.42%"
"10/26/2023","5,568.35","5,568.35","5,594.08","5,505.20","","0.96%"
"10/25/2023","5,515.62","5,515.62","5,575.57","5,489.95","","-0.76%"
"10/24/2023","5,557.62","5,557.62","5,574.47","5,503.33","","0.99%"
"10/23/2023","5,503.33","5,503.33","5,631.33","5,503.33","","-2.27%"
"10/20/2023","5,631.33","5,631.33","5,713.44","5,616.22","","-1.44%"
"10/19/2023","5,713.44","5,713.44","5,796.44","5,713.44","","-1.43%"
"10/18/2023","5,796.44","5,796.44","5,890.74","5,782.12","","-1.60%"
"10/17/2023","5,890.74","5,890.74","5,915.66","5,831.47","","0.64%"
"10/16/2023","5,853.21","5,853.21","5,866.89","5,760.72","","1.31%"
"10/13/2023","5,777.75","5,777.75","5,842.07","5,767.96","","-0.39%"
"10/12/2023","5,800.22","5,800.22","5,845.91","5,780.96","","0.33%"
"10/11/2023","5,780.96","5,780.96","5,837.58","5,768.42","","-0.01%"
"10/10/2023","5,781.40","5,781.40","5,781.92","5,647.30","","2.16%"
"10/06/2023","5,659.29","5,659.29","5,669.38","5,564.70","","0.77%"
"10/05/2023","5,615.83","5,615.83","5,728.72","5,615.83","","-1.47%"
"10/04/2023","5,699.33","5,699.33","5,726.30","5,669.36","","0.24%"
"10/03/2023","5,685.84","5,685.84","5,756.85","5,685.84","","-1.21%"
"10/02/2023","5,755.64","5,755.64","5,853.19","5,748.11","","-1.33%"
"09/29/2023","5,833.36","5,833.36","5,868.68","5,818.99","","0.15%"
"09/28/2023","5,824.68","5,824.68","5,836.86","5,762.60","","1.08%"
"09/27/2023","5,762.70","5,762.70","5,786.64","5,734.70","","0.00%"
"09/26/2023","5,762.58","5,762.58","5,807.23","5,758.43","","-0.40%"
"09/25/2023","5,785.84","5,785.84","5,850.72","5,775.40","","-0.79%"
"09/22/2023","5,831.95","5,831.95","5,887.46","5,823.68","","-0.44%"
"09/21/2023","5,857.72","5,857.72","5,935.57","5,857.19","","-1.27%"
"09/20/2023","5,932.83","5,932.83","6,002.67","5,932.83","","-1.16%"
"09/15/2023","6,002.67","6,002.67","6,058.88","6,002.07","","0.01%"
"09/14/2023","6,002.07","6,002.07","6,002.07","5,915.52","","1.46%"
"09/13/2023","5,915.52","5,915.52","5,948.84","5,881.06","","0.49%"
"09/12/2023","5,886.42","5,886.42","5,908.47","5,879.15","","0.12%"
"09/11/2023","5,879.15","5,879.15","5,893.53","5,867.00","","0.18%"
"09/08/2023","5,868.85","5,868.85","5,903.12","5,868.47","","-0.28%"
"09/07/2023","5,885.52","5,885.52","5,930.91","5,871.45","","-0.34%"
"09/06/2023","5,905.74","5,905.74","5,936.69","5,899.31","","-0.37%"
"09/05/2023","5,927.93","5,927.93","6,001.45","5,924.51","","-1.04%"
"09/04/2023","5,990.24","5,990.24","6,020.26","5,976.35","","-0.10%"
"09/01/2023","5,996.36","5,996.36","6,057.13","5,985.83","","-0.21%"
"08/31/2023","6,009.28","6,009.28","6,049.00","6,009.28","","-0.31%"
"08/30/2023","6,028.19","6,028.19","6,061.32","6,028.19","","-0.52%"
"08/29/2023","6,059.65","6,059.65","6,059.65","6,016.68","","0.49%"
"08/28/2023","6,030.15","6,030.15","6,081.31","6,025.25","","-0.27%"
"08/25/2023","6,046.62","6,046.62","6,068.48","6,030.83","","-0.35%"
"08/24/2023","6,067.74","6,067.74","6,207.50","6,066.71","","-1.97%"
"08/23/2023","6,189.92","6,189.92","6,232.21","6,146.14","","0.51%"
"08/22/2023","6,158.74","6,158.74","6,165.66","6,119.96","","0.59%"
"08/21/2023","6,122.92","6,122.92","6,165.83","6,095.61","","-0.17%"
"08/18/2023","6,133.26","6,133.26","6,133.36","6,042.16","","0.03%"
"08/17/2023","6,131.50","6,131.50","6,213.18","6,130.53","","-1.31%"
"08/16/2023","6,213.18","6,213.18","6,216.27","6,162.69","","-0.05%"
"08/14/2023","6,216.27","6,216.27","6,257.44","6,201.44","","-0.66%"
"08/11/2023","6,257.44","6,257.44","6,290.34","6,249.47","","-0.52%"
"08/10/2023","6,290.34","6,290.34","6,354.73","6,279.73","","-0.80%"
"08/09/2023","6,341.36","6,341.36","6,342.02","6,241.32","","1.60%"
"08/08/2023","6,241.32","6,241.32","6,318.35","6,240.43","","-1.22%"
"08/07/2023","6,318.35","6,318.35","6,318.78","6,275.52","","0.41%"
"08/04/2023","6,292.64","6,292.64","6,339.93","6,272.29","","0.32%"
"08/03/2023","6,272.29","6,272.29","6,359.51","6,272.29","","-0.94%"
"08/02/2023","6,332.10","6,332.10","6,432.76","6,318.27","","-1.56%"
"08/01/2023","6,432.76","6,432.76","6,432.76","6,387.26","","0.60%"
"07/31/2023","6,394.40","6,394.40","6,430.87","6,339.04","","0.87%"
"07/28/2023","6,339.04","6,339.04","6,371.99","6,316.10","","0.32%"
"07/27/2023","6,318.63","6,318.63","6,389.18","6,316.48","","-0.95%"
"07/26/2023","6,379.42","6,379.42","6,411.43","6,369.73","","-0.50%"
"07/25/2023","6,411.43","6,411.43","6,447.36","6,351.09","","0.95%"
"07/24/2023","6,351.09","6,351.09","6,374.83","6,267.07","","0.80%"
"07/21/2023","6,300.91","6,300.91","6,322.92","6,282.79","","-0.35%"
"07/20/2023","6,322.92","6,322.92","6,324.43","6,251.88","","0.04%"
"07/19/2023","6,320.48","6,320.48","6,320.61","6,244.26","","0.54%"
"07/18/2023","6,286.50","6,286.50","6,286.50","6,178.46","","1.44%"
"07/17/2023","6,197.19","6,197.19","6,197.83","6,105.49","","1.08%"
"07/14/2023","6,130.68","6,130.68","6,130.68","6,059.18","","1.13%"
"07/13/2023","6,061.93","6,061.93","6,112.80","6,058.33","","-0.27%"
"07/12/2023","6,078.57","6,078.57","6,078.57","5,995.47","","1.39%"
"07/11/2023","5,995.47","5,995.47","5,998.69","5,951.95","","0.73%"
"07/10/2023","5,951.95","5,951.95","5,974.07","5,930.46","","0.16%"
"07/07/2023","5,942.20","5,942.20","5,942.20","5,792.17","","2.59%"
"07/06/2023","5,792.17","5,792.17","5,835.13","5,771.42","","-0.74%"
"07/05/2023","5,835.13","5,835.13","5,894.34","5,834.82","","-1.00%"
"07/04/2023","5,894.34","5,894.34","5,902.95","5,853.80","","0.69%"
"07/03/2023","5,853.80","5,853.80","5,854.56","5,786.80","","1.16%"
"06/30/2023","5,786.80","5,786.80","5,787.07","5,728.31","","1.02%"
"06/29/2023","5,728.31","5,728.31","5,729.22","5,656.99","","1.26%"
"06/28/2023","5,656.99","5,656.99","5,723.05","5,620.95","","-0.03%"
"06/27/2023","5,658.86","5,658.86","5,721.99","5,658.86","","-0.36%"
"06/23/2023","5,679.56","5,679.56","5,763.30","5,679.56","","-1.45%"
"06/22/2023","5,763.30","5,763.30","5,783.67","5,738.48","","-0.34%"
"06/20/2023","5,783.11","5,783.11","5,783.33","5,702.13","","0.50%"
"06/19/2023","5,754.24","5,754.24","5,755.93","5,735.00","","0.25%"
"06/16/2023","5,739.90","5,739.90","5,758.83","5,737.52","","-0.03%"
"06/15/2023","5,741.71","5,741.71","5,746.31","5,710.60","","0.44%"
"06/14/2023","5,716.29","5,716.29","5,723.29","5,696.24","","0.07%"
"06/13/2023","5,712.24","5,712.24","5,725.15","5,693.17","","0.33%"
"06/12/2023","5,693.17","5,693.17","5,709.66","5,677.66","","0.04%"
"06/09/2023","5,690.94","5,690.94","5,694.74","5,666.10","","0.32%"
"06/08/2023","5,672.71","5,672.71","5,696.20","5,661.94","","-0.12%"
"06/07/2023","5,679.29","5,679.29","5,734.89","5,679.28","","-0.61%"
"06/06/2023","5,714.32","5,714.32","5,714.70","5,649.88","","1.06%"
"06/05/2023","5,654.45","5,654.45","5,665.86","5,618.56","","0.01%"
"06/02/2023","5,653.81","5,653.81","5,656.09","5,520.74","","2.41%"
"06/01/2023","5,520.74","5,520.74","5,528.09","5,471.06","","0.90%"
"05/31/2023","5,471.54","5,471.54","5,592.85","5,471.54","","-2.17%"
"05/30/2023","5,592.85","5,592.85","5,629.37","5,592.85","","-0.11%"
"05/29/2023","5,598.83","5,598.83","5,643.33","5,598.41","","-0.19%"
"05/26/2023","5,609.45","5,609.45","5,643.41","5,604.72","","-0.19%"
"05/25/2023","5,620.21","5,620.21","5,674.57","5,620.21","","-0.41%"
"05/24/2023","5,643.30","5,643.30","5,685.30","5,589.97","","-0.74%"
"05/23/2023","5,685.30","5,685.30","5,751.62","5,685.30","","-0.11%"
"05/22/2023","5,691.50","5,691.50","5,771.40","5,653.60","","0.67%"
"05/19/2023","5,653.60","5,653.60","5,655.17","5,608.31","","0.23%"
"05/18/2023","5,640.66","5,640.66","5,644.08","5,585.75","","0.63%"
"05/17/2023","5,605.36","5,605.36","5,620.14","5,587.58","","-0.24%"
"05/16/2023","5,619.06","5,619.06","5,630.39","5,593.81","","0.37%"
"05/15/2023","5,598.21","5,598.21","5,628.87","5,596.49","","0.03%"
"05/12/2023","5,596.49","5,596.49","5,610.48","5,584.04","","-0.06%"
"05/11/2023","5,600.00","5,600.00","5,620.19","5,569.61","","0.55%"
"05/10/2023","5,569.61","5,569.61","5,571.76","5,539.52","","0.34%"
"05/09/2023","5,550.89","5,550.89","5,613.72","5,547.14","","-1.03%"
"05/08/2023","5,608.49","5,608.49","5,631.49","5,480.42","","2.34%"
"05/05/2023","5,480.42","5,480.42","5,481.94","5,376.42","","1.93%"
"05/04/2023","5,376.42","5,376.42","5,383.36","5,333.56","","0.07%"
"05/03/2023","5,372.58","5,372.58","5,393.52","5,350.32","","0.06%"
"05/02/2023","5,369.34","5,369.34","5,416.09","5,316.52","","-0.86%"
"04/28/2023","5,416.09","5,416.09","5,427.98","5,393.07","","0.11%"
"04/27/2023","5,410.22","5,410.22","5,411.08","5,322.55","","1.59%"
"04/26/2023","5,325.59","5,325.59","5,327.84","5,282.24","","0.49%"
"04/25/2023","5,299.58","5,299.58","5,317.74","5,271.20","","0.05%"
"04/24/2023","5,296.78","5,296.78","5,310.98","5,226.93","","1.34%"
"04/21/2023","5,226.93","5,226.93","5,424.18","5,146.91","","-3.16%"
"04/20/2023","5,397.59","5,397.59","5,423.49","5,387.08","","-0.48%"
"04/19/2023","5,423.49","5,423.49","5,474.62","5,419.76","","-0.93%"
"04/18/2023","5,474.62","5,474.62","5,492.36","5,460.36","","0.09%"
"04/17/2023","5,469.94","5,469.94","5,474.63","5,417.18","","0.97%"
"04/14/2023","5,417.18","5,417.18","5,423.43","5,365.12","","0.97%"
"04/13/2023","5,365.12","5,365.12","5,373.68","5,335.50","","0.22%"
"04/12/2023","5,353.09","5,353.09","5,361.73","5,306.88","","0.87%"
"04/11/2023","5,306.88","5,306.88","5,312.21","5,281.48","","0.48%"
"04/10/2023","5,281.48","5,281.48","5,310.34","5,261.69","","0.14%"
"04/06/2023","5,274.20","5,274.20","5,276.86","5,227.98","","0.73%"
"04/05/2023","5,236.22","5,236.22","5,238.63","5,200.47","","0.16%"
"04/04/2023","5,228.00","5,228.00","5,309.00","5,226.09","","-1.53%"
"04/03/2023","5,309.00","5,309.00","5,339.69","5,295.71","","-0.29%"
"03/31/2023","5,324.62","5,324.62","5,345.25","5,301.90","","0.29%"
"03/30/2023","5,309.20","5,309.20","5,332.63","5,299.15","","-0.09%"
"03/29/2023","5,313.76","5,313.76","5,313.76","5,244.75","","1.32%"
"03/28/2023","5,244.75","5,244.75","5,289.20","5,244.64","","-0.25%"
"03/27/2023","5,258.08","5,258.08","5,286.81","5,248.86","","0.18%"
"03/24/2023","5,248.86","5,248.86","5,275.37","5,217.11","","-0.50%"
"03/23/2023","5,275.37","5,275.37","5,313.98","5,261.93","","0.08%"
"03/22/2023","5,271.18","5,271.18","5,322.88","5,265.36","","-0.53%"
"03/21/2023","5,299.17","5,299.17","5,302.18","5,170.09","","2.50%"
"03/20/2023","5,170.09","5,170.09","5,191.66","5,111.46","","1.14%"
"03/17/2023","5,112.03","5,112.03","5,225.28","5,112.03","","-1.66%"
"03/16/2023","5,198.35","5,198.35","5,227.01","5,145.53","","0.03%"
"03/15/2023","5,196.61","5,196.61","5,298.78","5,183.55","","-1.93%"
"03/14/2023","5,298.78","5,298.78","5,358.26","5,288.72","","-0.72%"
"03/13/2023","5,337.04","5,337.04","5,393.72","5,308.73","","-1.05%"
"03/10/2023","5,393.72","5,393.72","5,424.33","5,366.42","","-0.31%"
"03/09/2023","5,410.59","5,410.59","5,459.85","5,409.47","","-0.11%"
"03/08/2023","5,416.39","5,416.39","5,421.80","5,391.36","","0.24%"
"03/07/2023","5,403.44","5,403.44","5,432.11","5,362.60","","-0.44%"
"03/06/2023","5,427.52","5,427.52","5,449.42","5,413.69","","-0.22%"
"03/03/2023","5,439.46","5,439.46","5,477.72","5,407.24","","0.60%"
"03/02/2023","5,407.24","5,407.24","5,407.54","5,327.83","","0.59%"
"03/01/2023","5,375.37","5,375.37","5,411.79","5,357.90","","-0.36%"
"02/28/2023","5,394.90","5,394.90","5,396.39","5,355.43","","0.71%"
"02/27/2023","5,357.10","5,357.10","5,379.87","5,328.86","","0.48%"
"02/24/2023","5,331.57","5,331.57","5,337.71","5,304.63","","0.35%"
"02/23/2023","5,312.79","5,312.79","5,330.44","5,258.46","","1.03%"
"02/22/2023","5,258.46","5,258.46","5,297.43","5,249.13","","-0.06%"
"02/21/2023","5,261.37","5,261.37","5,347.59","5,260.39","","-1.30%"
"02/20/2023","5,330.76","5,330.76","5,356.56","5,326.26","","0.03%"
"02/17/2023","5,328.96","5,328.96","5,451.45","5,325.81","","-2.25%"
"02/16/2023","5,451.45","5,451.45","5,451.45","5,398.18","","0.87%"
"02/15/2023","5,404.30","5,404.30","5,404.92","5,329.07","","1.35%"
"02/14/2023","5,332.43","5,332.43","5,382.68","5,332.43","","-0.63%"
"02/13/2023","5,366.18","5,366.18","5,405.83","5,353.09","","-0.49%"
"02/10/2023","5,392.45","5,392.45","5,392.45","5,338.24","","0.66%"
"02/09/2023","5,356.92","5,356.92","5,374.60","5,328.83","","0.53%"
"02/08/2023","5,328.83","5,328.83","5,328.83","5,271.27","","1.09%"
"02/07/2023","5,271.27","5,271.27","5,300.07","5,265.47","","-0.27%"
"02/06/2023","5,285.62","5,285.62","5,327.42","5,279.25","","-0.54%"
"02/03/2023","5,314.29","5,314.29","5,340.68","5,282.52","","0.01%"
"02/02/2023","5,313.52","5,313.52","5,339.53","5,303.16","","0.10%"
"02/01/2023","5,308.17","5,308.17","5,343.64","5,302.17","","-0.27%"
"01/31/2023","5,322.39","5,322.39","5,345.92","5,316.62","","-0.29%"
"01/30/2023","5,337.95","5,337.95","5,368.52","5,322.71","","-0.25%"
"01/27/2023","5,351.34","5,351.34","5,357.73","5,329.27","","0.33%"
"01/26/2023","5,333.69","5,333.69","5,334.03","5,258.59","","1.41%"
"01/25/2023","5,259.28","5,259.28","5,264.95","5,243.97","","0.05%"
"01/24/2023","5,256.63","5,256.63","5,315.09","5,256.53","","-1.04%"
"01/23/2023","5,311.84","5,311.84","5,326.56","5,235.97","","1.45%"
"01/20/2023","5,235.97","5,235.97","5,259.45","5,207.83","","0.54%"
"01/19/2023","5,207.83","5,207.83","5,229.55","5,180.94","","-0.42%"
"01/18/2023","5,229.55","5,229.55","5,230.46","5,156.29","","1.03%"
"01/17/2023","5,176.10","5,176.10","5,178.14","5,148.68","","0.39%"
"01/16/2023","5,156.11","5,156.11","5,163.64","5,121.53","","-0.01%"
"01/13/2023","5,156.65","5,156.65","5,206.03","5,146.73","","-0.87%"
"01/12/2023","5,201.83","5,201.83","5,216.83","5,165.19","","0.41%"
"01/11/2023","5,180.43","5,180.43","5,203.12","5,131.77","","0.70%"
"01/10/2023","5,144.37","5,144.37","5,163.51","5,105.41","","-0.30%"
"01/09/2023","5,159.91","5,159.91","5,169.32","5,128.99","","0.45%"
"01/06/2023","5,136.69","5,136.69","5,138.97","5,104.43","","0.24%"
"01/05/2023","5,124.20","5,124.20","5,124.20","5,073.07","","0.64%"
"01/04/2023","5,091.47","5,091.47","5,144.48","5,073.25","","-0.88%"
"01/03/2023","5,136.53","5,136.53","5,266.18","5,132.92","","-2.38%"
"12/30/2022","5,261.91","5,261.91","5,262.72","5,222.65","","0.24%"
"12/29/2022","5,249.37","5,249.37","5,249.37","5,214.82","","0.65%"
"12/28/2022","5,215.42","5,215.42","5,226.27","5,175.09","","0.35%"
"12/27/2022","5,197.25","5,197.25","5,241.24","5,195.16","","-0.48%"
"12/26/2022","5,222.44","5,222.44","5,266.29","5,211.82","","-0.66%"
"12/23/2022","5,256.91","5,256.91","5,262.96","5,222.23","","0.66%"
"12/22/2022","5,222.23","5,222.23","5,274.16","5,200.40","","-0.90%"
"12/21/2022","5,269.70","5,269.70","5,326.21","5,257.32","","-0.34%"
"12/20/2022","5,287.93","5,287.93","5,312.16","5,188.09","","1.56%"
"12/19/2022","5,206.95","5,206.95","5,206.95","5,155.45","","0.89%"
"12/16/2022","5,161.25","5,161.25","5,161.25","5,110.79","","0.55%"
"12/15/2022","5,132.77","5,132.77","5,206.46","5,122.89","","-1.42%"
"12/14/2022","5,206.46","5,206.46","5,228.60","5,190.89","","-0.39%"
"12/13/2022","5,226.76","5,226.76","5,289.88","5,226.76","","-0.58%"
"12/12/2022","5,257.07","5,257.07","5,260.03","5,183.79","","1.24%"
"12/09/2022","5,192.68","5,192.68","5,213.85","5,158.28","","-0.20%"
"12/07/2022","5,202.85","5,202.85","5,247.47","5,195.17","","-0.69%"
"12/06/2022","5,239.16","5,239.16","5,290.61","5,214.38","","-0.66%"
"12/05/2022","5,274.19","5,274.19","5,300.31","5,267.36","","-0.31%"
"12/02/2022","5,290.76","5,290.76","5,308.71","5,233.06","","0.30%"
"12/01/2022","5,274.68","5,274.68","5,288.36","5,249.58","","-0.15%"
"11/30/2022","5,282.61","5,282.61","5,282.61","5,212.87","","0.72%"
"11/29/2022","5,244.86","5,244.86","5,247.64","5,199.66","","0.71%"
"11/28/2022","5,207.64","5,207.64","5,255.04","5,199.45","","-0.80%"
"11/25/2022","5,249.57","5,249.57","5,273.72","5,221.59","","-0.46%"
"11/24/2022","5,273.72","5,273.72","5,303.59","5,260.91","","0.24%"
"11/23/2022","5,260.91","5,260.91","5,303.25","5,257.51","","-0.64%"
"11/22/2022","5,294.78","5,294.78","5,327.08","5,254.29","","-0.34%"
"11/21/2022","5,312.69","5,312.69","5,327.82","5,196.92","","2.23%"
"11/18/2022","5,196.92","5,196.92","5,201.06","5,149.74","","0.48%"
"11/17/2022","5,172.31","5,172.31","5,263.21","5,169.73","","-1.11%"
"11/16/2022","5,230.45","5,230.45","5,251.83","5,200.85","","-0.17%"
"11/15/2022","5,239.13","5,239.13","5,302.44","5,219.78","","-1.19%"
"11/14/2022","5,302.44","5,302.44","5,378.52","5,281.77","","-0.90%"
"11/11/2022","5,350.79","5,350.79","5,368.51","5,335.46","","0.21%"
"11/10/2022","5,339.54","5,339.54","5,420.47","5,311.11","","-0.20%"
"11/09/2022","5,350.36","5,350.36","5,406.12","5,316.99","","-1.03%"
"11/08/2022","5,406.12","5,406.12","5,406.12","5,289.55","","2.20%"
"11/07/2022","5,289.55","5,289.55","5,290.16","5,214.91","","1.33%"
"11/04/2022","5,220.04","5,220.04","5,223.90","5,180.30","","0.77%"
"11/03/2022","5,180.30","5,180.30","5,194.66","5,115.35","","-0.28%"
"11/02/2022","5,194.66","5,194.66","5,219.33","5,171.52","","0.02%"
"10/28/2022","5,193.81","5,193.81","5,196.99","5,122.62","","0.12%"
"10/27/2022","5,187.41","5,187.41","5,196.62","5,142.35","","0.70%"
"10/26/2022","5,151.34","5,151.34","5,164.67","5,117.03","","-0.25%"
"10/25/2022","5,164.31","5,164.31","5,164.31","5,096.81","","1.10%"
"10/24/2022","5,108.17","5,108.17","5,182.32","5,102.71","","-0.76%"
"10/21/2022","5,147.37","5,147.37","5,153.26","5,082.43","","0.16%"
"10/20/2022","5,139.35","5,139.35","5,139.63","5,075.83","","1.02%"
"10/19/2022","5,087.69","5,087.69","5,127.82","5,077.26","","-0.69%"
"10/18/2022","5,122.85","5,122.85","5,170.97","5,081.46","","0.39%"
"10/17/2022","5,103.06","5,103.06","5,105.86","4,972.39","","2.63%"
"10/14/2022","4,972.39","4,972.39","5,027.84","4,961.09","","0.23%"
"10/13/2022","4,961.09","4,961.09","4,984.25","4,870.79","","0.50%"
"10/12/2022","4,936.57","4,936.57","5,011.21","4,905.63","","-1.05%"
"10/11/2022","4,988.80","4,988.80","5,089.19","4,962.44","","-1.79%"
"10/07/2022","5,079.68","5,079.68","5,184.21","5,079.45","","-2.00%"
"10/06/2022","5,183.55","5,183.55","5,210.23","5,170.64","","-0.17%"
"10/05/2022","5,192.25","5,192.25","5,248.87","5,172.81","","-1.08%"
"10/04/2022","5,248.87","5,248.87","5,268.34","5,143.23","","2.05%"
"10/03/2022","5,143.23","5,143.23","5,151.09","5,108.91","","0.57%"
"09/30/2022","5,114.19","5,114.19","5,157.47","5,035.38","","1.57%"
"09/29/2022","5,035.38","5,035.38","5,109.40","5,025.07","","-1.27%"
"09/28/2022","5,100.24","5,100.24","5,191.90","5,099.70","","-1.55%"
"09/27/2022","5,180.64","5,180.64","5,222.29","5,140.17","","0.04%"
"09/26/2022","5,178.75","5,178.75","5,249.07","5,178.75","","-0.55%"
"09/23/2022","5,207.22","5,207.22","5,303.06","5,207.09","","-1.81%"
"09/22/2022","5,303.06","5,303.06","5,369.33","5,294.71","","-1.23%"
"09/21/2022","5,369.33","5,369.33","5,401.26","5,334.24","","0.53%"
"09/20/2022","5,340.97","5,340.97","5,544.04","5,340.29","","-3.29%"
"09/15/2022","5,522.92","5,522.92","5,632.53","5,499.48","","-1.54%"
"09/14/2022","5,609.33","5,609.33","5,660.58","5,569.68","","0.51%"
"09/13/2022","5,580.67","5,580.67","5,627.61","5,527.69","","-0.28%"
"09/12/2022","5,596.26","5,596.26","5,647.99","5,578.46","","-0.28%"
"09/09/2022","5,612.07","5,612.07","5,616.99","5,516.80","","1.73%"
"09/08/2022","5,516.80","5,516.80","5,581.21","5,515.58","","-0.43%"
"09/07/2022","5,540.82","5,540.82","5,608.08","5,514.90","","-1.20%"
"09/06/2022","5,608.08","5,608.08","5,835.15","5,587.53","","-2.96%"
"09/05/2022","5,779.25","5,779.25","6,008.28","5,653.20","","2.23%"
"09/02/2022","5,653.20","5,653.20","5,708.51","5,230.45","","4.53%"
"09/01/2022","5,408.05","5,408.05","5,454.35","5,380.95","","-0.61%"
"08/31/2022","5,441.26","5,441.26","5,549.94","5,440.79","","-1.72%"
"08/30/2022","5,536.39","5,536.39","5,543.79","5,482.31","","0.35%"
"08/29/2022","5,517.11","5,517.11","5,517.32","5,421.80","","1.01%"
"08/26/2022","5,461.80","5,461.80","5,479.18","5,442.01","","0.02%"
"08/25/2022","5,460.61","5,460.61","5,465.13","5,417.66","","0.78%"
"08/24/2022","5,418.17","5,418.17","5,426.41","5,375.00","","0.76%"
"08/23/2022","5,377.52","5,377.52","5,388.47","5,339.84","","0.69%"
"08/22/2022","5,340.49","5,340.49","5,354.34","5,261.48","","0.90%"
"08/19/2022","5,292.84","5,292.84","5,350.32","5,265.31","","-0.99%"
"08/18/2022","5,345.53","5,345.53","5,405.31","5,323.38","","-1.11%"
"08/17/2022","5,405.31","5,405.31","5,416.74","5,355.68","","0.34%"
"08/16/2022","5,386.81","5,386.81","5,442.96","5,339.70","","-0.15%"
"08/12/2022","5,394.91","5,394.91","5,404.56","5,325.90","","1.30%"
"08/11/2022","5,325.90","5,325.90","5,325.90","5,260.33","","1.00%"
"08/10/2022","5,272.93","5,272.93","5,286.58","5,236.34","","0.70%"
"08/09/2022","5,236.34","5,236.34","5,260.34","5,216.93","","-0.46%"
"08/08/2022","5,260.34","5,260.34","5,271.33","5,212.40","","0.92%"
"08/05/2022","5,212.40","5,212.40","5,212.40","5,132.70","","0.73%"
"08/04/2022","5,174.64","5,174.64","5,222.06","5,154.00","","-0.60%"
"08/03/2022","5,206.05","5,206.05","5,269.32","5,182.55","","-0.81%"
"08/02/2022","5,248.53","5,248.53","5,258.39","5,219.63","","-0.19%"
"08/01/2022","5,258.39","5,258.39","5,272.84","5,229.79","","-0.01%"
"07/29/2022","5,259.05","5,259.05","5,285.22","5,243.19","","-0.01%"
"07/28/2022","5,259.39","5,259.39","5,284.23","5,242.80","","0.15%"
"07/27/2022","5,251.32","5,251.32","5,251.39","5,189.10","","0.98%"
"07/26/2022","5,200.13","5,200.13","5,236.33","5,183.70","","-0.69%"
"07/25/2022","5,236.33","5,236.33","5,237.57","5,186.73","","0.31%"
"07/22/2022","5,220.33","5,220.33","5,237.57","5,189.67","","0.31%"
"07/21/2022","5,204.45","5,204.45","5,205.13","5,122.80","","1.12%"
"07/20/2022","5,147.00","5,147.00","5,170.83","5,114.37","","-0.26%"
"07/19/2022","5,160.19","5,160.19","5,160.19","5,069.56","","1.54%"
"07/18/2022","5,081.74","5,081.74","5,139.48","5,073.23","","-0.20%"
"07/15/2022","5,091.73","5,091.73","5,136.05","5,057.68","","-0.86%"
"07/14/2022","5,136.05","5,136.05","5,136.05","5,053.80","","0.36%"
"07/13/2022","5,117.81","5,117.81","5,131.44","5,050.32","","0.86%"
"07/12/2022","5,074.26","5,074.26","5,077.74","5,017.52","","0.01%"
"07/11/2022","5,073.85","5,073.85","5,124.78","5,064.03","","-0.76%"
"07/08/2022","5,112.78","5,112.78","5,118.55","5,074.10","","0.22%"
"07/07/2022","5,101.42","5,101.42","5,105.43","5,006.95","","1.89%"
"07/06/2022","5,006.95","5,006.95","5,043.67","4,979.53","","0.06%"
"07/05/2022","5,003.81","5,003.81","5,007.79","4,935.71","","0.30%"
"07/04/2022","4,989.07","4,989.07","5,001.63","4,969.80","","-0.09%"
"07/01/2022","4,993.37","4,993.37","5,006.17","4,950.39","","0.87%"
"06/30/2022","4,950.39","4,950.39","5,009.63","4,950.39","","-1.18%"
"06/29/2022","5,009.63","5,009.63","5,019.62","4,978.02","","0.10%"
"06/28/2022","5,004.48","5,004.48","5,075.94","4,937.76","","0.42%"
"06/24/2022","4,983.66","4,983.66","5,016.34","4,934.81","","0.99%"
"06/23/2022","4,934.81","4,934.81","5,095.51","4,924.56","","-2.40%"
"06/22/2022","5,056.37","5,056.37","5,101.31","5,056.37","","-0.55%"
"06/20/2022","5,084.37","5,084.37","5,098.48","5,051.96","","0.34%"
"06/17/2022","5,067.06","5,067.06","5,107.70","4,998.49","","0.75%"
"06/16/2022","5,029.48","5,029.48","5,139.41","4,991.55","","-2.14%"
"06/15/2022","5,139.41","5,139.41","5,152.48","5,103.65","","0.35%"
"06/14/2022","5,121.40","5,121.40","5,165.80","5,116.88","","-0.19%"
"06/13/2022","5,131.30","5,131.30","5,237.85","5,099.98","","-2.03%"
"06/10/2022","5,237.85","5,237.85","5,238.71","5,136.92","","1.03%"
"06/09/2022","5,184.27","5,184.27","5,279.33","5,184.27","","-1.76%"
"06/08/2022","5,277.00","5,277.00","5,358.95","5,262.60","","-1.53%"
"06/07/2022","5,358.95","5,358.95","5,367.64","5,314.84","","0.49%"
"06/06/2022","5,332.59","5,332.59","5,387.96","5,317.70","","-0.37%"
"06/03/2022","5,352.44","5,352.44","5,356.43","5,319.50","","-0.01%"
"06/02/2022","5,353.13","5,353.13","5,366.30","5,283.77","","1.02%"
"06/01/2022","5,299.11","5,299.11","5,352.79","5,232.38","","-0.96%"
"05/31/2022","5,350.48","5,350.48","5,385.70","5,264.70","","-0.65%"
"05/30/2022","5,385.70","5,385.70","5,432.56","5,377.25","","-0.03%"
"05/27/2022","5,387.06","5,387.06","5,388.10","5,268.05","","2.24%"
"05/26/2022","5,268.96","5,268.96","5,278.52","5,191.05","","1.50%"
"05/25/2022","5,191.05","5,191.05","5,192.33","5,142.75","","0.94%"
"05/24/2022","5,142.75","5,142.75","5,156.69","5,096.93","","0.30%"
"05/23/2022","5,127.52","5,127.52","5,131.98","4,982.95","","2.90%"
"05/20/2022","4,982.95","4,982.95","5,039.21","4,933.02","","0.02%"
"05/19/2022","4,982.10","4,982.10","5,015.36","4,963.64","","0.35%"
"05/18/2022","4,964.76","4,964.76","5,058.71","4,964.35","","-1.16%"
"05/17/2022","5,023.24","5,023.24","5,023.36","4,868.58","","3.18%"
"05/16/2022","4,868.58","4,868.58","4,926.37","4,850.44","","0.37%"
"05/13/2022","4,850.44","4,850.44","4,875.46","4,713.77","","2.90%"
"05/12/2022","4,713.77","4,713.77","4,744.83","4,650.47","","0.79%"
"05/11/2022","4,676.93","4,676.93","4,755.23","4,676.39","","-0.43%"
"05/10/2022","4,697.16","4,697.16","4,792.61","4,673.96","","-0.99%"
"05/09/2022","4,744.18","4,744.18","4,838.54","4,744.03","","-1.95%"
"05/06/2022","4,838.54","4,838.54","4,861.03","4,809.73","","-0.31%"
"05/05/2022","4,853.79","4,853.79","4,928.83","4,852.05","","-0.69%"
"05/04/2022","4,887.57","4,887.57","4,899.39","4,785.63","","2.13%"
"05/03/2022","4,785.63","4,785.63","4,790.30","4,739.38","","0.54%"
"05/02/2022","4,759.90","4,759.90","4,796.54","4,709.64","","-0.39%"
"04/29/2022","4,778.43","4,778.43","4,844.66","4,748.27","","-0.30%"
"04/28/2022","4,792.66","4,792.66","4,818.16","4,748.27","","0.36%"
"04/27/2022","4,775.36","4,775.36","4,787.81","4,701.47","","1.57%"
"04/26/2022","4,701.47","4,701.47","4,785.98","4,701.47","","-1.21%"
"04/25/2022","4,759.15","4,759.15","4,897.35","4,738.42","","-2.23%"
"04/22/2022","4,867.88","4,867.88","4,914.16","4,867.88","","-0.90%"
"04/21/2022","4,911.90","4,911.90","4,983.57","4,873.95","","-1.26%"
"04/20/2022","4,974.76","4,974.76","4,974.76","4,904.76","","1.28%"
"04/19/2022","4,911.77","4,911.77","4,938.74","4,867.64","","0.91%"
"04/18/2022","4,867.64","4,867.64","4,932.99","4,865.75","","-1.01%"
"04/14/2022","4,917.30","4,917.30","4,939.51","4,917.30","","-0.08%"
"04/13/2022","4,921.46","4,921.46","4,949.19","4,909.04","","0.25%"
"04/12/2022","4,909.04","4,909.04","4,939.85","4,862.63","","-0.20%"
"04/11/2022","4,918.79","4,918.79","4,969.25","4,870.16","","-1.02%"
"04/08/2022","4,969.25","4,969.25","4,997.02","4,947.58","","0.08%"
"04/07/2022","4,965.32","4,965.32","4,989.26","4,946.16","","-0.13%"
"04/06/2022","4,971.94","4,971.94","4,971.94","4,891.22","","0.87%"
"04/05/2022","4,929.10","4,929.10","4,992.29","4,921.75","","-1.27%"
"04/04/2022","4,992.29","4,992.29","5,011.08","4,953.64","","0.28%"
"04/01/2022","4,978.49","4,978.49","4,994.52","4,936.97","","0.84%"
"03/31/2022","4,936.97","4,936.97","4,940.25","4,875.74","","0.86%"
"03/30/2022","4,894.98","4,894.98","4,923.55","4,871.07","","-0.40%"
"03/29/2022","4,914.73","4,914.73","4,938.80","4,889.03","","-0.49%"
"03/28/2022","4,938.80","4,938.80","5,009.37","4,917.80","","-0.53%"
"03/25/2022","4,965.11","4,965.11","4,978.52","4,928.08","","0.21%"
"03/24/2022","4,954.51","4,954.51","4,954.51","4,841.46","","2.34%"
"03/23/2022","4,841.46","4,841.46","4,899.03","4,819.04","","-0.96%"
"03/22/2022","4,888.18","4,888.18","4,995.63","4,885.28","","-2.13%"
"03/21/2022","4,994.67","4,994.67","4,996.46","4,775.47","","2.89%"
"03/18/2022","4,854.44","4,854.44","4,860.13","4,789.88","","1.35%"
"03/17/2022","4,789.88","4,789.88","4,841.27","4,695.41","","2.01%"
"03/16/2022","4,695.41","4,695.41","4,715.08","4,623.04","","1.57%"
"03/15/2022","4,623.04","4,623.04","4,637.74","4,582.42","","0.75%"
"03/14/2022","4,588.49","4,588.49","4,645.39","4,587.52","","-0.97%"
"03/11/2022","4,633.35","4,633.35","4,676.01","4,608.97","","0.53%"
"03/10/2022","4,608.97","4,608.97","4,687.71","4,564.15","","-1.01%"
"03/09/2022","4,656.03","4,656.03","4,661.75","4,578.68","","1.69%"
"03/08/2022","4,578.68","4,578.68","4,624.04","4,549.83","","-0.85%"
"03/07/2022","4,618.07","4,618.07","4,692.99","4,559.95","","-0.50%"
"03/04/2022","4,641.45","4,641.45","4,641.75","4,566.32","","1.52%"
"03/03/2022","4,571.80","4,571.80","4,581.30","4,487.37","","1.88%"
"03/02/2022","4,487.37","4,487.37","4,509.91","4,435.17","","1.18%"
"03/01/2022","4,435.17","4,435.17","4,537.37","4,434.31","","-2.19%"
"02/28/2022","4,534.47","4,534.47","4,534.47","4,453.95","","1.54%"
"02/25/2022","4,465.51","4,465.51","4,482.17","4,399.60","","1.50%"
"02/24/2022","4,399.60","4,399.60","4,399.60","4,223.36","","0.55%"
"02/23/2022","4,375.69","4,375.69","4,503.92","4,374.59","","-2.17%"
"02/22/2022","4,472.86","4,472.86","4,525.87","4,432.48","","-1.17%"
"02/21/2022","4,525.80","4,525.80","4,559.23","4,479.91","","-0.51%"
"02/18/2022","4,549.07","4,549.07","4,571.19","4,534.67","","0.00%"
"02/17/2022","4,549.08","4,549.08","4,653.04","4,544.90","","-2.23%"
"02/16/2022","4,653.04","4,653.04","4,667.95","4,614.91","","0.20%"
"02/15/2022","4,643.69","4,643.69","4,663.21","4,604.62","","0.85%"
"02/14/2022","4,604.62","4,604.62","4,652.21","4,589.55","","-1.02%"
"02/11/2022","4,652.21","4,652.21","4,686.58","4,615.99","","0.23%"
"02/10/2022","4,641.53","4,641.53","4,642.57","4,592.28","","0.79%"
"02/09/2022","4,605.08","4,605.08","4,617.94","4,582.62","","0.49%"
"02/08/2022","4,582.62","4,582.62","4,591.82","4,468.92","","2.43%"
"02/07/2022","4,474.10","4,474.10","4,480.27","4,425.52","","1.10%"
"02/04/2022","4,425.52","4,425.52","4,513.75","4,422.80","","-0.66%"
"02/03/2022","4,454.97","4,454.97","4,555.38","4,454.97","","-2.20%"
"02/02/2022","4,555.38","4,555.38","4,620.04","4,555.38","","-0.94%"
"02/01/2022","4,598.72","4,598.72","4,617.29","4,547.33","","1.11%"
"01/31/2022","4,548.45","4,548.45","4,597.58","4,542.86","","0.12%"
"01/28/2022","4,542.86","4,542.86","4,595.92","4,542.86","","-0.44%"
"01/27/2022","4,562.74","4,562.74","4,574.85","4,530.96","","0.23%"
"01/26/2022","4,552.33","4,552.33","4,594.83","4,529.30","","0.51%"
"01/25/2022","4,529.30","4,529.30","4,546.74","4,487.36","","0.58%"
"01/24/2022","4,503.17","4,503.17","4,649.04","4,464.03","","-3.05%"
"01/21/2022","4,644.86","4,644.86","4,671.42","4,486.72","","3.52%"
"01/20/2022","4,486.72","4,486.72","4,503.33","4,466.83","","0.36%"
"01/19/2022","4,470.71","4,470.71","4,538.10","4,469.40","","-0.67%"
"01/18/2022","4,500.80","4,500.80","4,505.89","4,451.72","","0.62%"
"01/17/2022","4,473.27","4,473.27","4,490.52","4,458.47","","-0.30%"
"01/14/2022","4,486.57","4,486.57","4,517.80","4,460.91","","-0.57%"
"01/13/2022","4,512.43","4,512.43","4,554.31","4,484.80","","0.10%"
"01/12/2022","4,507.82","4,507.82","4,507.82","4,394.91","","2.57%"
"01/11/2022","4,394.91","4,394.91","4,394.91","4,298.24","","2.25%"
"01/10/2022","4,298.24","4,298.24","4,301.99","4,272.15","","0.04%"
"01/07/2022","4,296.35","4,296.35","4,360.77","4,276.00","","-1.20%"
"01/06/2022","4,348.44","4,348.44","4,351.94","4,287.88","","0.71%"
"01/05/2022","4,317.60","4,317.60","4,318.75","4,282.62","","0.53%"
"01/04/2022","4,294.64","4,294.64","4,332.69","4,248.35","","-0.16%"
"01/03/2022","4,301.32","4,301.32","4,352.58","4,295.67","","-0.16%"
"12/30/2021","4,308.38","4,308.38","4,310.68","4,243.90","","1.37%"
"12/29/2021","4,250.29","4,250.29","4,284.80","4,248.36","","-0.45%"
"12/28/2021","4,269.37","4,269.37","4,330.65","4,269.37","","-0.29%"
"12/27/2021","4,281.89","4,281.89","4,336.54","4,257.68","","-0.40%"
"12/24/2021","4,299.09","4,299.09","4,306.89","4,241.63","","1.35%"
"12/23/2021","4,241.63","4,241.63","4,241.63","4,121.91","","2.90%"
"12/22/2021","4,121.91","4,121.91","4,178.03","4,117.92","","-0.50%"
"12/21/2021","4,142.49","4,142.49","4,201.45","4,088.26","","1.33%"
"12/20/2021","4,088.26","4,088.26","4,357.78","4,040.11","","-6.18%"
"12/17/2021","4,357.78","4,357.78","4,392.34","4,286.60","","-0.79%"
"12/16/2021","4,392.34","4,392.34","4,392.34","4,271.40","","2.83%"
"12/15/2021","4,271.40","4,271.40","4,280.41","4,138.04","","2.20%"
"12/14/2021","4,179.56","4,179.56","4,301.25","4,151.04","","-2.83%"
"12/13/2021","4,301.25","4,301.25","4,408.30","4,286.24","","-2.37%"
"12/10/2021","4,405.72","4,405.72","4,422.40","4,379.76","","-0.30%"
"12/09/2021","4,418.79","4,418.79","4,449.14","4,392.10","","0.54%"
"12/07/2021","4,395.15","4,395.15","4,426.60","4,368.82","","0.60%"
"12/06/2021","4,368.82","4,368.82","4,416.17","4,355.39","","-0.01%"
"12/03/2021","4,369.40","4,369.40","4,441.29","4,365.62","","-0.03%"
"12/02/2021","4,370.90","4,370.90","4,379.04","4,327.69","","0.89%"
"12/01/2021","4,332.45","4,332.45","4,448.44","4,332.45","","-2.26%"
"11/30/2021","4,432.71","4,432.71","4,505.62","4,348.20","","-1.62%"
"11/29/2021","4,505.62","4,505.62","4,591.67","4,449.58","","-1.61%"
"11/26/2021","4,579.30","4,579.30","4,601.91","4,487.29","","-0.49%"
"11/25/2021","4,601.91","4,601.91","4,644.30","4,563.54","","-0.59%"
"11/24/2021","4,629.24","4,629.24","4,703.95","4,605.29","","-1.46%"
"11/23/2021","4,697.66","4,697.66","4,780.91","4,662.21","","-1.74%"
"11/22/2021","4,780.91","4,780.91","4,819.61","4,358.48","","9.69%"
"11/19/2021","4,358.48","4,358.48","4,373.54","4,251.77","","1.79%"
"11/18/2021","4,281.66","4,281.66","4,350.28","4,254.76","","-0.27%"
"11/17/2021","4,293.18","4,293.18","4,325.14","4,258.33","","-0.27%"
"11/16/2021","4,304.80","4,304.80","4,384.04","4,295.55","","-1.77%"
"11/15/2021","4,382.46","4,382.46","4,488.39","4,372.19","","-2.31%"
"11/12/2021","4,485.97","4,485.97","4,532.36","4,485.83","","-0.74%"
"11/11/2021","4,519.38","4,519.38","4,519.86","4,463.71","","0.68%"
"11/10/2021","4,489.04","4,489.04","4,489.24","4,430.63","","0.41%"
"11/09/2021","4,470.52","4,470.52","4,472.53","4,338.99","","2.46%"
"11/08/2021","4,363.33","4,363.33","4,434.12","4,357.24","","-0.57%"
"11/05/2021","4,388.19","4,388.19","4,509.33","4,387.36","","-1.91%"
"11/04/2021","4,473.80","4,473.80","4,473.80","4,309.93","","3.80%"
"11/03/2021","4,309.93","4,309.93","4,310.26","4,205.81","","2.44%"
"11/02/2021","4,207.20","4,207.20","4,214.42","4,092.20","","2.81%"
"10/29/2021","4,092.20","4,092.20","4,122.18","4,068.77","","-0.10%"
"10/28/2021","4,096.24","4,096.24","4,121.98","4,073.76","","-0.47%"
"10/27/2021","4,115.66","4,115.66","4,260.89","4,115.66","","-3.07%"
"10/26/2021","4,245.91","4,245.91","4,269.25","4,175.95","","1.68%"
"10/25/2021","4,175.95","4,175.95","4,176.22","4,084.35","","2.24%"
"10/22/2021","4,084.35","4,084.35","4,099.97","4,052.37","","0.76%"
"10/21/2021","4,053.40","4,053.40","4,074.87","4,031.68","","0.39%"
"10/20/2021","4,037.49","4,037.49","4,062.24","3,975.64","","1.07%"
"10/19/2021","3,994.91","3,994.91","4,035.80","3,994.22","","-0.34%"
"10/18/2021","4,008.74","4,008.74","4,075.82","3,959.37","","0.67%"
"10/15/2021","3,982.18","3,982.18","4,048.14","3,961.01","","-0.36%"
"10/14/2021","3,996.48","3,996.48","4,034.61","3,980.45","","-0.25%"
"10/13/2021","4,006.49","4,006.49","4,103.92","3,971.65","","-2.36%"
"10/12/2021","4,103.12","4,103.12","4,196.38","4,098.94","","-1.03%"
"10/08/2021","4,145.62","4,145.62","4,168.82","4,129.68","","0.39%"
"10/07/2021","4,129.68","4,129.68","4,225.82","4,124.53","","-0.06%"
"10/06/2021","4,132.30","4,132.30","4,232.20","4,101.35","","-2.22%"
"10/05/2021","4,226.08","4,226.08","4,277.92","4,211.21","","-0.39%"
"10/04/2021","4,242.62","4,242.62","4,330.38","4,241.65","","-1.94%"
"10/01/2021","4,326.72","4,326.72","4,373.50","4,314.44","","-0.82%"
"09/30/2021","4,362.59","4,362.59","4,369.90","4,335.20","","0.63%"
"09/29/2021","4,335.20","4,335.20","4,361.68","4,318.76","","0.27%"
"09/28/2021","4,323.34","4,323.34","4,351.71","4,306.88","","-0.65%"
"09/27/2021","4,351.71","4,351.71","4,400.61","4,347.51","","-0.58%"
"09/24/2021","4,377.19","4,377.19","4,414.66","4,355.89","","-0.78%"
"09/23/2021","4,411.69","4,411.69","4,416.64","4,382.71","","0.63%"
"09/22/2021","4,384.03","4,384.03","4,394.27","4,307.43","","1.78%"
"09/21/2021","4,307.43","4,307.43","4,342.90","4,290.25","","0.37%"
"09/20/2021","4,291.36","4,291.36","4,465.47","4,291.36","","-3.90%"
"09/16/2021","4,465.47","4,465.47","4,465.47","4,402.57","","0.71%"
"09/15/2021","4,433.84","4,433.84","4,447.72","4,401.31","","0.55%"
"09/14/2021","4,409.42","4,409.42","4,439.81","4,401.31","","0.18%"
"09/13/2021","4,401.31","4,401.31","4,485.49","4,381.15","","-1.40%"
"09/10/2021","4,464.00","4,464.00","4,481.17","4,407.24","","1.29%"
"09/09/2021","4,407.24","4,407.24","4,411.78","4,309.82","","0.66%"
"09/08/2021","4,378.14","4,378.14","4,432.98","4,347.09","","-1.24%"
"09/07/2021","4,432.98","4,432.98","4,466.44","4,410.12","","-0.52%"
"09/06/2021","4,456.20","4,456.20","4,470.69","4,439.16","","-0.16%"
"09/03/2021","4,463.55","4,463.55","4,464.30","4,414.70","","0.59%"
"09/02/2021","4,437.44","4,437.44","4,471.43","4,422.90","","-0.30%"
"09/01/2021","4,450.95","4,450.95","4,491.57","4,442.59","","-0.90%"
"08/31/2021","4,491.57","4,491.57","4,506.53","4,473.21","","-0.33%"
"08/30/2021","4,506.53","4,506.53","4,510.05","4,459.22","","1.06%"
"08/27/2021","4,459.22","4,459.22","4,482.52","4,440.27","","0.35%"
"08/26/2021","4,443.81","4,443.81","4,462.92","4,423.13","","0.13%"
"08/25/2021","4,437.93","4,437.93","4,438.14","4,358.53","","1.57%"
"08/24/2021","4,369.43","4,369.43","4,402.03","4,345.48","","-0.53%"
"08/23/2021","4,392.75","4,392.75","4,399.15","4,347.49","","1.04%"
"08/20/2021","4,347.49","4,347.49","4,355.63","4,305.69","","0.86%"
"08/19/2021","4,310.51","4,310.51","4,341.58","4,290.63","","-0.72%"
"08/18/2021","4,341.58","4,341.58","4,346.72","4,303.66","","0.49%"
"08/17/2021","4,320.58","4,320.58","4,333.86","4,272.69","","-0.20%"
"08/16/2021","4,329.41","4,329.41","4,401.94","4,321.42","","-1.65%"
"08/13/2021","4,401.94","4,401.94","4,431.91","4,374.75","","0.62%"
"08/12/2021","4,374.75","4,374.75","4,381.35","4,329.59","","0.15%"
"08/11/2021","4,368.00","4,368.00","4,391.06","4,331.04","","0.52%"
"08/10/2021","4,345.42","4,345.42","4,362.51","4,243.71","","2.40%"
"08/09/2021","4,243.71","4,243.71","4,304.70","4,238.69","","-0.91%"
"08/06/2021","4,282.48","4,282.48","4,284.88","4,240.54","","0.99%"
"08/05/2021","4,240.54","4,240.54","4,254.42","4,207.71","","0.69%"
"08/04/2021","4,211.48","4,211.48","4,214.05","4,181.43","","0.11%"
"08/03/2021","4,207.03","4,207.03","4,220.76","4,176.90","","-0.11%"
"08/02/2021","4,211.70","4,211.70","4,277.18","4,191.16","","-0.95%"
"07/30/2021","4,252.04","4,252.04","4,289.30","4,211.72","","-0.04%"
"07/29/2021","4,253.91","4,253.91","4,259.00","4,171.34","","1.96%"
"07/28/2021","4,172.18","4,172.18","4,174.02","4,143.25","","0.61%"
"07/27/2021","4,147.04","4,147.04","4,150.92","4,113.84","","0.01%"
"07/26/2021","4,146.71","4,146.71","4,213.33","4,146.37","","-0.97%"
"07/23/2021","4,187.49","4,187.49","4,288.05","4,176.36","","-2.35%"
"07/22/2021","4,288.05","4,288.05","4,302.06","4,248.73","","0.32%"
"07/21/2021","4,274.26","4,274.26","4,341.52","4,274.26","","-0.41%"
"07/20/2021","4,292.01","4,292.01","4,313.95","4,232.33","","1.41%"
"07/19/2021","4,232.33","4,232.33","4,233.09","4,153.03","","1.91%"
"07/15/2021","4,153.03","4,153.03","4,161.81","4,144.89","","-0.13%"
"07/14/2021","4,158.36","4,158.36","4,204.25","4,150.11","","-0.96%"
"07/13/2021","4,198.73","4,198.73","4,246.05","4,179.50","","-1.05%"
"07/12/2021","4,243.21","4,243.21","4,281.71","4,205.23","","-0.11%"
"07/09/2021","4,247.83","4,247.83","4,255.46","4,186.59","","1.42%"
"07/08/2021","4,188.16","4,188.16","4,206.43","4,138.57","","-0.43%"
"07/07/2021","4,206.43","4,206.43","4,206.54","4,165.81","","0.98%"
"07/06/2021","4,165.81","4,165.81","4,301.20","4,165.59","","-2.84%"
"07/05/2021","4,287.54","4,287.54","4,318.91","4,260.00","","-0.63%"
"07/02/2021","4,314.81","4,314.81","4,348.89","4,311.60","","-0.71%"
"07/01/2021","4,345.51","4,345.51","4,371.54","4,331.33","","0.33%"
"06/30/2021","4,331.33","4,331.33","4,348.68","4,296.48","","0.18%"
"06/29/2021","4,323.69","4,323.69","4,365.26","4,277.08","","-0.59%"
"06/25/2021","4,349.51","4,349.51","4,439.32","4,346.39","","-1.62%"
"06/24/2021","4,421.23","4,421.23","4,422.19","4,370.24","","1.17%"
"06/23/2021","4,370.24","4,370.24","4,426.83","4,368.23","","-0.04%"
"06/22/2021","4,371.93","4,371.93","4,384.79","4,294.39","","1.81%"
"06/18/2021","4,294.39","4,294.39","4,334.18","4,283.81","","-0.83%"
"06/17/2021","4,330.26","4,330.26","4,362.58","4,317.67","","-0.60%"
"06/16/2021","4,356.51","4,356.51","4,399.27","4,337.78","","-0.12%"
"06/15/2021","4,361.62","4,361.62","4,386.69","4,293.24","","0.38%"
"06/14/2021","4,344.91","4,344.91","4,368.97","4,310.64","","0.80%"
"06/11/2021","4,310.64","4,310.64","4,316.47","4,260.22","","1.18%"
"06/10/2021","4,260.22","4,260.22","4,300.77","4,255.39","","-0.19%"
"06/09/2021","4,268.36","4,268.36","4,268.54","4,169.22","","2.30%"
"06/08/2021","4,172.34","4,172.34","4,197.78","4,131.38","","0.99%"
"06/07/2021","4,131.38","4,131.38","4,248.18","4,131.38","","-2.24%"
"06/04/2021","4,225.88","4,225.88","4,227.01","4,176.82","","-0.02%"
"06/03/2021","4,226.90","4,226.90","4,393.97","4,195.87","","-3.80%"
"06/02/2021","4,393.97","4,393.97","4,405.73","4,359.98","","-0.05%"
"06/01/2021","4,396.10","4,396.10","4,400.20","4,347.39","","0.91%"
"05/31/2021","4,356.43","4,356.43","4,356.84","4,258.75","","2.29%"
"05/28/2021","4,258.75","4,258.75","4,282.25","4,160.26","","2.37%"
"05/27/2021","4,160.26","4,160.26","4,206.23","4,119.06","","1.00%"
"05/26/2021","4,119.06","4,119.06","4,119.07","4,076.07","","0.68%"
"05/25/2021","4,091.05","4,091.05","4,173.73","4,069.09","","-0.59%"
"05/24/2021","4,115.37","4,115.37","4,133.32","4,079.99","","0.87%"
"05/20/2021","4,079.99","4,079.99","4,091.17","4,005.46","","1.23%"
"05/19/2021","4,030.39","4,030.39","4,143.96","4,017.04","","-2.74%"
"05/18/2021","4,143.96","4,143.96","4,246.09","4,080.97","","-0.09%"
"05/17/2021","4,147.86","4,147.86","4,574.69","4,126.47","","-9.33%"
"05/14/2021","4,574.69","4,574.69","4,576.35","4,443.64","","2.95%"
"05/13/2021","4,443.64","4,443.64","4,534.00","4,443.64","","-0.93%"
"05/12/2021","4,485.58","4,485.58","4,540.80","4,485.58","","-1.22%"
"05/11/2021","4,540.80","4,540.80","4,594.60","4,511.25","","-1.17%"
"05/10/2021","4,594.60","4,594.60","4,660.01","4,583.86","","-0.52%"
"05/07/2021","4,618.80","4,618.80","4,674.70","4,612.44","","-0.26%"
"05/06/2021","4,630.72","4,630.72","4,727.94","4,617.06","","-1.56%"
"05/05/2021","4,704.25","4,704.25","4,720.80","4,648.82","","1.19%"
"05/04/2021","4,648.82","4,648.82","4,649.19","4,589.24","","1.30%"
"05/03/2021","4,589.24","4,589.24","4,590.98","4,472.84","","2.60%"
"04/30/2021","4,472.84","4,472.84","4,565.98","4,472.84","","-1.53%"
"04/29/2021","4,542.54","4,542.54","4,664.09","4,529.67","","-0.95%"
"04/28/2021","4,586.27","4,586.27","4,771.06","4,579.00","","-3.42%"
"04/27/2021","4,748.52","4,748.52","4,874.14","4,748.52","","-2.39%"
"04/26/2021","4,864.86","4,864.86","4,905.99","4,839.14","","0.53%"
"04/23/2021","4,839.14","4,839.14","4,890.49","4,815.65","","-0.10%"
"04/22/2021","4,843.82","4,843.82","4,936.72","4,808.31","","-1.79%"
"04/21/2021","4,932.18","4,932.18","4,980.40","4,931.32","","-0.88%"
"04/20/2021","4,975.80","4,975.80","4,975.80","4,916.41","","0.11%"
"04/19/2021","4,970.29","4,970.29","5,005.61","4,960.42","","-0.36%"
"04/16/2021","4,988.17","4,988.17","4,998.34","4,942.16","","0.93%"
"04/15/2021","4,942.16","4,942.16","4,942.41","4,896.00","","0.31%"
"04/14/2021","4,927.08","4,927.08","4,927.64","4,885.45","","0.51%"
"04/13/2021","4,901.91","4,901.91","4,953.09","4,893.54","","-0.97%"
"04/12/2021","4,950.06","4,950.06","4,958.04","4,921.95","","-0.16%"
"04/09/2021","4,958.04","4,958.04","4,958.16","4,904.51","","0.97%"
"04/08/2021","4,910.19","4,910.19","4,910.33","4,857.11","","1.05%"
"04/07/2021","4,859.07","4,859.07","4,860.65","4,834.56","","-0.03%"
"04/06/2021","4,860.65","4,860.65","4,873.56","4,858.24","","-0.22%"
"04/05/2021","4,871.17","4,871.17","4,897.32","4,860.01","","-0.29%"
"04/01/2021","4,885.26","4,885.26","4,921.70","4,844.00","","-0.26%"
"03/31/2021","4,898.09","4,898.09","4,957.85","4,895.22","","-0.61%"
"03/30/2021","4,928.15","4,928.15","4,933.03","4,876.35","","0.23%"
"03/29/2021","4,916.69","4,916.69","4,949.70","4,854.42","","1.28%"
"03/26/2021","4,854.42","4,854.42","4,860.08","4,767.79","","1.82%"
"03/25/2021","4,767.79","4,767.79","4,846.75","4,737.87","","-1.54%"
"03/24/2021","4,842.26","4,842.26","4,861.80","4,790.36","","0.82%"
"03/23/2021","4,802.90","4,802.90","4,831.62","4,797.07","","-0.59%"
"03/22/2021","4,831.62","4,831.62","4,858.45","4,806.41","","-0.48%"
"03/19/2021","4,854.92","4,854.92","4,878.67","4,819.87","","-0.49%"
"03/18/2021","4,878.67","4,878.67","4,920.02","4,866.47","","-0.63%"
"03/17/2021","4,909.40","4,909.40","4,917.27","4,873.35","","0.09%"
"03/16/2021","4,905.05","4,905.05","4,929.15","4,877.62","","-0.18%"
"03/15/2021","4,913.78","4,913.78","4,929.40","4,890.88","","0.42%"
"03/12/2021","4,893.23","4,893.23","4,894.25","4,831.69","","0.25%"
"03/11/2021","4,881.10","4,881.10","4,929.09","4,851.09","","-0.15%"
"03/10/2021","4,888.55","4,888.55","4,891.62","4,827.37","","1.04%"
"03/09/2021","4,838.18","4,838.18","4,846.74","4,709.04","","2.66%"
"03/08/2021","4,712.95","4,712.95","4,714.53","4,676.50","","-0.02%"
"03/05/2021","4,713.73","4,713.73","4,748.19","4,655.76","","0.28%"
"03/04/2021","4,700.57","4,700.57","4,788.55","4,700.57","","-1.81%"
"03/03/2021","4,787.45","4,787.45","4,797.45","4,711.12","","1.43%"
"03/02/2021","4,720.09","4,720.09","4,749.76","4,634.05","","1.78%"
"03/01/2021","4,637.54","4,637.54","4,639.38","4,573.37","","1.40%"
"02/26/2021","4,573.37","4,573.37","4,596.53","4,551.25","","-0.02%"
"02/25/2021","4,574.43","4,574.43","4,608.32","4,569.95","","-0.04%"
"02/24/2021","4,576.41","4,576.41","4,594.17","4,489.21","","1.94%"
"02/23/2021","4,489.21","4,489.21","4,569.34","4,482.75","","-1.75%"
"02/22/2021","4,569.34","4,569.34","4,623.74","4,551.64","","-1.18%"
"02/19/2021","4,623.74","4,623.74","4,623.86","4,518.64","","2.33%"
"02/18/2021","4,518.64","4,518.64","4,559.65","4,496.69","","-0.89%"
"02/17/2021","4,559.20","4,559.20","4,655.73","4,553.02","","-2.02%"
"02/16/2021","4,653.07","4,653.07","4,678.85","4,620.12","","0.71%"
"02/15/2021","4,620.12","4,620.12","4,625.34","4,579.58","","0.46%"
"02/12/2021","4,599.09","4,599.09","4,599.71","4,531.61","","1.12%"
"02/11/2021","4,548.20","4,548.20","4,559.01","4,508.80","","0.45%"
"02/10/2021","4,527.65","4,527.65","4,558.82","4,492.34","","-0.33%"
"02/09/2021","4,542.72","4,542.72","4,543.43","4,479.52","","1.24%"
"02/08/2021","4,487.09","4,487.09","4,493.09","4,449.45","","0.85%"
"02/05/2021","4,449.45","4,449.45","4,460.33","4,412.00","","0.85%"
"02/04/2021","4,412.00","4,412.00","4,416.01","4,374.61","","0.23%"
"02/03/2021","4,401.87","4,401.87","4,437.87","4,400.51","","-0.34%"
"02/02/2021","4,416.95","4,416.95","4,452.51","4,381.01","","0.82%"
"02/01/2021","4,381.01","4,381.01","4,381.68","4,288.65","","2.15%"
"01/29/2021","4,288.65","4,288.65","4,420.52","4,288.65","","-2.77%"
"01/28/2021","4,410.80","4,410.80","4,425.25","4,354.04","","-0.16%"
"01/27/2021","4,417.99","4,417.99","4,497.74","4,395.55","","-1.77%"
"01/26/2021","4,497.74","4,497.74","4,533.54","4,457.27","","0.20%"
"01/25/2021","4,488.93","4,488.93","4,545.51","4,471.53","","0.18%"
"01/22/2021","4,481.00","4,481.00","4,579.27","4,481.00","","-2.15%"
"01/21/2021","4,579.27","4,579.27","4,669.61","4,579.27","","-1.26%"
"01/20/2021","4,637.84","4,637.84","4,697.16","4,631.79","","-0.68%"
"01/19/2021","4,669.74","4,669.74","4,691.64","4,624.11","","0.99%"
"01/18/2021","4,624.11","4,624.11","4,624.11","4,532.72","","1.14%"
"01/15/2021","4,572.10","4,572.10","4,640.84","4,572.10","","-1.48%"
"01/14/2021","4,640.84","4,640.84","4,675.73","4,609.45","","-0.38%"
"01/13/2021","4,658.71","4,658.71","4,658.71","4,600.12","","1.27%"
"01/12/2021","4,600.12","4,600.12","4,610.61","4,547.63","","1.05%"
"01/11/2021","4,552.52","4,552.52","4,560.02","4,497.35","","-0.16%"
"01/08/2021","4,560.02","4,560.02","4,567.02","4,491.60","","0.69%"
"01/07/2021","4,528.85","4,528.85","4,529.23","4,417.84","","2.51%"
"01/06/2021","4,417.84","4,417.84","4,437.39","4,366.36","","1.16%"
"01/05/2021","4,367.18","4,367.18","4,367.18","4,244.84","","2.58%"
"01/04/2021","4,257.44","4,257.44","4,273.76","4,177.22","","1.92%"
"12/30/2020","4,177.22","4,177.22","4,222.26","4,177.22","","-0.49%"
"12/29/2020","4,197.87","4,197.87","4,214.29","4,180.22","","0.42%"
"12/28/2020","4,180.22","4,180.22","4,191.93","4,133.35","","1.13%"
"12/24/2020","4,133.35","4,133.35","4,156.29","4,106.11","","-0.55%"
"12/23/2020","4,156.29","4,156.29","4,217.33","4,144.97","","-0.81%"
"12/22/2020","4,190.03","4,190.03","4,243.56","4,162.96","","0.65%"
"12/21/2020","4,162.96","4,162.96","4,210.69","4,114.77","","-1.13%"
"12/18/2020","4,210.69","4,210.69","4,250.34","4,199.33","","0.27%"
"12/17/2020","4,199.33","4,199.33","4,200.52","4,110.75","","2.15%"
"12/16/2020","4,110.99","4,110.99","4,111.42","4,061.66","","1.21%"
"12/15/2020","4,061.66","4,061.66","4,084.87","4,041.80","","0.22%"
"12/14/2020","4,052.84","4,052.84","4,127.60","4,052.46","","-0.81%"
"12/11/2020","4,085.89","4,085.89","4,122.42","4,054.66","","-0.50%"
"12/10/2020","4,106.42","4,106.42","4,181.26","4,106.37","","-1.02%"
"12/09/2020","4,148.70","4,148.70","4,193.12","4,130.41","","0.44%"
"12/07/2020","4,130.41","4,130.41","4,195.51","4,081.26","","-1.45%"
"12/04/2020","4,191.18","4,191.18","4,212.11","4,173.67","","0.06%"
"12/03/2020","4,188.80","4,188.80","4,188.80","4,142.36","","0.76%"
"12/02/2020","4,157.12","4,157.12","4,157.21","4,092.01","","1.13%"
"12/01/2020","4,110.59","4,110.59","4,113.97","4,032.87","","1.93%"
"11/30/2020","4,032.87","4,032.87","4,150.17","4,032.87","","-2.04%"
"11/27/2020","4,117.03","4,117.03","4,155.69","4,115.71","","-0.12%"
"11/26/2020","4,121.96","4,121.96","4,163.55","4,094.51","","-0.32%"
"11/25/2020","4,135.16","4,135.16","4,207.34","4,127.63","","-1.48%"
"11/24/2020","4,197.27","4,197.27","4,208.20","4,131.26","","1.60%"
"11/23/2020","4,131.26","4,131.26","4,131.91","4,054.53","","1.89%"
"11/20/2020","4,054.53","4,054.53","4,067.73","4,024.86","","0.65%"
"11/19/2020","4,028.30","4,028.30","4,108.79","4,020.24","","-1.96%"
"11/18/2020","4,108.79","4,108.79","4,109.19","4,053.50","","1.36%"
"11/17/2020","4,053.50","4,053.50","4,054.93","3,993.50","","0.15%"
"11/16/2020","4,047.42","4,047.42","4,095.83","4,005.35","","1.05%"
"11/13/2020","4,005.35","4,005.35","4,005.94","3,916.50","","2.27%"
"11/12/2020","3,916.50","3,916.50","3,980.49","3,916.50","","-1.58%"
"11/11/2020","3,979.34","3,979.34","4,009.74","3,948.65","","0.05%"
"11/10/2020","3,977.45","3,977.45","3,978.10","3,887.68","","1.25%"
"11/09/2020","3,928.48","3,928.48","3,951.95","3,812.38","","3.05%"
"11/06/2020","3,812.38","3,812.38","3,812.79","3,687.79","","2.93%"
"11/05/2020","3,703.94","3,703.94","3,705.51","3,518.05","","5.28%"
"11/04/2020","3,518.05","3,518.05","3,554.07","3,490.49","","-0.10%"
"11/03/2020","3,521.45","3,521.45","3,601.16","3,506.37","","-1.39%"
"11/02/2020","3,571.13","3,571.13","3,606.53","3,539.92","","0.88%"
"10/30/2020","3,539.92","3,539.92","3,598.52","3,530.62","","-1.19%"
"10/29/2020","3,582.64","3,582.64","3,636.24","3,575.18","","-1.29%"
"10/28/2020","3,629.48","3,629.48","3,697.00","3,612.85","","-1.83%"
"10/27/2020","3,697.00","3,697.00","3,750.43","3,675.47","","-0.24%"
"10/26/2020","3,705.99","3,705.99","3,807.95","3,701.14","","-2.68%"
"10/23/2020","3,807.95","3,807.95","3,831.40","3,799.87","","-0.09%"
"10/22/2020","3,811.29","3,811.29","3,815.56","3,759.91","","0.76%"
"10/21/2020","3,782.66","3,782.66","3,782.95","3,670.15","","2.99%"
"10/20/2020","3,672.92","3,672.92","3,678.94","3,631.80","","1.13%"
"10/19/2020","3,631.80","3,631.80","3,676.67","3,631.38","","-0.24%"
"10/16/2020","3,640.58","3,640.58","3,673.94","3,629.29","","-0.58%"
"10/15/2020","3,661.72","3,661.72","3,690.54","3,620.08","","-0.07%"
"10/14/2020","3,664.40","3,664.40","3,665.94","3,640.43","","0.27%"
"10/13/2020","3,654.69","3,654.69","3,689.29","3,636.54","","-0.62%"
"10/09/2020","3,677.45","3,677.45","3,691.09","3,635.59","","0.74%"
"10/08/2020","3,650.27","3,650.27","3,650.35","3,588.35","","1.73%"
"10/07/2020","3,588.35","3,588.35","3,627.65","3,581.25","","-0.92%"
"10/06/2020","3,621.71","3,621.71","3,682.93","3,613.44","","-1.47%"
"10/05/2020","3,675.83","3,675.83","3,697.60","3,665.07","","0.27%"
"10/02/2020","3,666.03","3,666.03","3,674.00","3,591.29","","0.84%"
"10/01/2020","3,635.47","3,635.47","3,660.07","3,618.91","","-0.05%"
"09/30/2020","3,637.30","3,637.30","3,637.30","3,555.32","","2.31%"
"09/29/2020","3,555.32","3,555.32","3,595.39","3,539.67","","-1.11%"
"09/28/2020","3,595.39","3,595.39","3,631.82","3,589.04","","0.18%"
"09/25/2020","3,589.04","3,589.04","3,589.04","3,563.33","","0.49%"
"09/24/2020","3,571.42","3,571.42","3,592.59","3,520.45","","1.45%"
"09/23/2020","3,520.45","3,520.45","3,634.63","3,518.61","","-3.14%"
"09/22/2020","3,634.63","3,634.63","3,676.96","3,634.63","","-0.25%"
"09/21/2020","3,643.85","3,643.85","3,729.64","3,641.06","","-2.30%"
"09/17/2020","3,729.64","3,729.64","3,729.64","3,679.36","","0.34%"
"09/16/2020","3,717.06","3,717.06","3,722.83","3,696.64","","-0.12%"
"09/15/2020","3,721.71","3,721.71","3,735.38","3,709.84","","0.32%"
"09/14/2020","3,709.84","3,709.84","3,747.37","3,708.41","","-0.08%"
"09/11/2020","3,712.67","3,712.67","3,714.50","3,658.20","","0.69%"
"09/10/2020","3,687.17","3,687.17","3,782.86","3,673.30","","-2.24%"
"09/09/2020","3,771.72","3,771.72","3,837.57","3,771.72","","-1.42%"
"09/08/2020","3,826.07","3,826.07","3,854.21","3,814.84","","-0.73%"
"09/07/2020","3,854.21","3,854.21","3,856.25","3,810.61","","1.14%"
"09/04/2020","3,810.61","3,810.61","3,857.19","3,794.87","","-0.92%"
"09/03/2020","3,845.87","3,845.87","3,845.90","3,795.44","","0.81%"
"09/02/2020","3,814.95","3,814.95","3,827.49","3,752.95","","1.65%"
"09/01/2020","3,752.95","3,752.95","3,784.54","3,738.15","","-0.38%"
"08/31/2020","3,767.15","3,767.15","3,884.75","3,767.15","","-2.75%"
"08/28/2020","3,873.77","3,873.77","3,921.54","3,868.40","","-0.36%"
"08/27/2020","3,887.80","3,887.80","3,887.80","3,849.75","","0.68%"
"08/26/2020","3,861.65","3,861.65","3,907.30","3,855.64","","-0.93%"
"08/25/2020","3,897.73","3,897.73","3,973.03","3,886.27","","-1.63%"
"08/24/2020","3,962.37","3,962.37","4,012.08","3,957.03","","-0.81%"
"08/21/2020","3,994.71","3,994.71","3,994.87","3,967.86","","0.42%"
"08/20/2020","3,977.97","3,977.97","3,998.80","3,967.14","","-0.52%"
"08/19/2020","3,998.80","3,998.80","4,028.19","3,986.51","","-0.62%"
"08/18/2020","4,023.76","4,023.76","4,051.68","4,004.07","","-0.43%"
"08/17/2020","4,041.02","4,041.02","4,043.73","4,017.11","","0.60%"
"08/14/2020","4,017.11","4,017.11","4,026.68","4,004.99","","0.30%"
"08/13/2020","4,004.99","4,004.99","4,079.03","3,993.06","","-0.78%"
"08/12/2020","4,036.54","4,036.54","4,044.89","4,000.25","","0.91%"
"08/11/2020","4,000.25","4,000.25","4,026.26","3,984.09","","0.41%"
"08/10/2020","3,984.09","3,984.09","4,026.36","3,984.00","","-0.12%"
"08/07/2020","3,988.90","3,988.90","4,003.18","3,968.74","","0.51%"
"08/06/2020","3,968.74","3,968.74","3,969.51","3,919.09","","0.93%"
"08/05/2020","3,932.35","3,932.35","3,978.04","3,926.25","","0.16%"
"08/04/2020","3,926.25","3,926.25","4,008.33","3,925.87","","-0.51%"
"08/03/2020","3,946.52","3,946.52","4,017.08","3,946.52","","-1.76%"
"07/31/2020","4,017.08","4,017.08","4,017.08","3,953.30","","1.61%"
"07/30/2020","3,953.30","3,953.30","3,983.25","3,919.24","","-0.75%"
"07/29/2020","3,983.25","3,983.25","4,055.59","3,969.25","","-1.78%"
"07/28/2020","4,055.59","4,055.59","4,086.67","4,055.18","","-0.17%"
"07/27/2020","4,062.65","4,062.65","4,071.20","4,014.88","","1.19%"
"07/24/2020","4,014.88","4,014.88","4,029.36","3,957.53","","0.77%"
"07/23/2020","3,984.28","3,984.28","4,026.37","3,940.17","","1.00%"
"07/22/2020","3,944.82","3,944.82","3,966.92","3,865.31","","1.48%"
"07/21/2020","3,887.28","3,887.28","3,936.80","3,882.88","","-0.95%"
"07/20/2020","3,924.61","3,924.61","3,994.73","3,892.61","","-1.76%"
"07/17/2020","3,994.73","3,994.73","4,041.62","3,968.77","","-1.16%"
"07/15/2020","4,041.62","4,041.62","4,205.96","4,041.62","","-3.33%"
"07/14/2020","4,180.91","4,180.91","4,181.06","4,081.60","","1.59%"
"07/13/2020","4,115.28","4,115.28","4,142.33","4,029.40","","2.13%"
"07/10/2020","4,029.40","4,029.40","4,043.42","4,000.61","","-0.07%"
"07/09/2020","4,032.15","4,032.15","4,185.91","4,008.71","","-3.67%"
"07/08/2020","4,185.91","4,185.91","4,257.67","4,135.14","","-1.69%"
"07/07/2020","4,257.67","4,257.67","4,284.42","4,216.56","","-0.62%"
"07/06/2020","4,284.42","4,284.42","4,310.22","4,202.17","","1.96%"
"07/03/2020","4,202.17","4,202.17","4,224.35","4,173.78","","0.58%"
"07/02/2020","4,177.89","4,177.89","4,179.43","4,037.07","","3.49%"
"07/01/2020","4,037.07","4,037.07","4,046.17","3,959.02","","1.97%"
"06/30/2020","3,959.02","3,959.02","4,008.37","3,959.02","","-0.80%"
"06/26/2020","3,990.95","3,990.95","4,045.82","3,990.59","","-1.17%"
"06/25/2020","4,038.31","4,038.31","4,050.91","4,008.37","","0.05%"
"06/24/2020","4,036.23","4,036.23","4,046.84","4,001.36","","0.11%"
"06/23/2020","4,031.73","4,031.73","4,031.73","3,974.34","","0.83%"
"06/22/2020","3,998.52","3,998.52","4,041.13","3,976.63","","-0.70%"
"06/19/2020","4,026.79","4,026.79","4,039.73","3,990.77","","0.90%"
"06/18/2020","3,990.77","3,990.77","4,004.43","3,974.17","","-0.15%"
"06/17/2020","3,996.60","3,996.60","4,024.04","3,939.79","","1.44%"
"06/16/2020","3,939.79","3,939.79","3,979.21","3,893.13","","1.20%"
"06/15/2020","3,893.13","3,893.13","3,981.84","3,888.23","","-2.23%"
"06/12/2020","3,981.84","3,981.84","4,017.90","3,944.23","","0.95%"
"06/11/2020","3,944.23","3,944.23","4,063.89","3,928.26","","-2.94%"
"06/10/2020","4,063.89","4,063.89","4,143.77","4,062.53","","-1.51%"
"06/09/2020","4,126.17","4,126.17","4,144.92","4,045.03","","-0.33%"
"06/08/2020","4,139.89","4,139.89","4,148.61","4,033.42","","2.64%"
"06/05/2020","4,033.42","4,033.42","4,054.86","3,885.41","","3.81%"
"06/04/2020","3,885.41","3,885.41","3,885.41","3,793.76","","1.35%"
"06/03/2020","3,833.47","3,833.47","3,833.47","3,750.37","","2.22%"
"06/02/2020","3,750.37","3,750.37","3,776.27","3,685.72","","1.75%"
"06/01/2020","3,685.72","3,685.72","3,714.61","3,617.30","","1.05%"
"05/29/2020","3,647.60","3,647.60","3,660.89","3,591.31","","-0.29%"
"05/28/2020","3,658.11","3,658.11","3,769.32","3,654.83","","-2.95%"
"05/27/2020","3,769.32","3,769.32","3,781.17","3,721.65","","0.95%"
"05/26/2020","3,733.78","3,733.78","3,792.19","3,728.26","","-0.47%"
"05/25/2020","3,751.39","3,751.39","3,771.41","3,707.01","","0.75%"
"05/22/2020","3,723.57","3,723.57","3,773.99","3,717.24","","-0.84%"
"05/20/2020","3,755.08","3,755.08","3,775.18","3,729.97","","0.67%"
"05/19/2020","3,729.97","3,729.97","3,794.14","3,729.86","","-0.88%"
"05/18/2020","3,763.21","3,763.21","3,781.14","3,622.15","","3.89%"
"05/15/2020","3,622.15","3,622.15","3,680.11","3,611.36","","-0.54%"
"05/14/2020","3,641.64","3,641.64","3,669.15","3,534.32","","1.02%"
"05/13/2020","3,604.91","3,604.91","3,735.52","3,545.79","","-3.48%"
"05/12/2020","3,734.75","3,734.75","3,862.53","3,734.28","","-2.02%"
"05/11/2020","3,811.75","3,811.75","3,856.62","3,795.76","","-0.17%"
"05/08/2020","3,818.24","3,818.24","4,026.60","3,818.24","","-4.53%"
"05/07/2020","3,999.54","3,999.54","4,036.07","3,964.94","","0.87%"
"05/06/2020","3,964.94","3,964.94","3,991.93","3,922.40","","1.08%"
"05/05/2020","3,922.40","3,922.40","3,946.56","3,853.27","","1.79%"
"05/04/2020","3,853.27","3,853.27","3,977.56","3,833.26","","-3.12%"
"04/30/2020","3,977.56","3,977.56","4,016.74","3,943.92","","-0.93%"
"04/29/2020","4,014.70","4,014.70","4,019.57","3,900.92","","2.92%"
"04/28/2020","3,900.92","3,900.92","3,923.47","3,810.89","","2.36%"
"04/27/2020","3,810.89","3,810.89","3,811.71","3,679.67","","3.57%"
"04/24/2020","3,679.67","3,679.67","3,753.59","3,679.28","","-1.84%"
"04/23/2020","3,748.49","3,748.49","3,748.84","3,678.50","","1.90%"
"04/22/2020","3,678.50","3,678.50","3,716.16","3,652.87","","0.70%"
"04/21/2020","3,652.87","3,652.87","3,748.31","3,648.65","","-2.55%"
"04/20/2020","3,748.31","3,748.31","3,819.61","3,748.24","","-1.87%"
"04/17/2020","3,819.61","3,819.61","3,898.21","3,802.47","","0.45%"
"04/16/2020","3,802.47","3,802.47","3,864.92","3,787.39","","-1.36%"
"04/15/2020","3,854.71","3,854.71","3,922.64","3,843.75","","-1.66%"
"04/14/2020","3,919.91","3,919.91","3,929.94","3,859.16","","1.57%"
"04/13/2020","3,859.16","3,859.16","3,859.84","3,758.03","","0.97%"
"04/09/2020","3,822.18","3,822.18","3,860.98","3,759.76","","1.66%"
"04/08/2020","3,759.76","3,759.76","3,788.07","3,711.66","","1.30%"
"04/07/2020","3,711.66","3,711.66","3,822.21","3,711.05","","-0.98%"
"04/06/2020","3,748.47","3,748.47","3,814.57","3,674.43","","2.02%"
"04/03/2020","3,674.43","3,674.43","3,695.11","3,559.25","","3.24%"
"04/02/2020","3,559.25","3,559.25","3,606.39","3,421.39","","4.03%"
"04/01/2020","3,421.39","3,421.39","3,487.49","3,344.51","","-1.90%"
"03/31/2020","3,487.49","3,487.49","3,513.06","3,316.27","","5.16%"
"03/30/2020","3,316.27","3,316.27","3,356.07","3,228.37","","2.72%"
"03/27/2020","3,228.37","3,228.37","3,240.52","3,135.46","","0.43%"
"03/26/2020","3,214.57","3,214.57","3,362.30","3,067.42","","2.93%"
"03/25/2020","3,123.13","3,123.13","3,146.73","2,894.74","","7.89%"
"03/24/2020","2,894.74","2,894.74","3,098.62","2,894.01","","-0.11%"
"03/23/2020","2,897.83","2,897.83","3,127.42","2,896.91","","-5.83%"
"03/20/2020","3,077.18","3,077.18","3,304.79","3,075.96","","-0.14%"
"03/19/2020","3,081.43","3,081.43","3,178.20","2,876.03","","7.14%"
"03/18/2020","2,876.03","2,876.03","3,271.40","2,859.12","","-12.09%"
"03/17/2020","3,271.40","3,271.40","3,388.46","3,219.76","","1.21%"
"03/16/2020","3,232.36","3,232.36","3,765.08","3,224.82","","-14.11%"
"03/13/2020","3,763.57","3,763.57","3,884.54","3,684.80","","0.96%"
"03/12/2020","3,727.60","3,727.60","3,979.67","3,706.06","","-6.33%"
"03/11/2020","3,979.67","3,979.67","4,072.26","3,973.52","","-2.23%"
"03/10/2020","4,070.29","4,070.29","4,168.12","4,035.54","","0.86%"
"03/09/2020","4,035.54","4,035.54","4,229.46","4,035.54","","-4.58%"
"03/06/2020","4,229.46","4,229.46","4,324.09","4,228.82","","-2.19%"
"03/05/2020","4,324.09","4,324.09","4,366.36","4,298.56","","-0.97%"
"03/04/2020","4,366.36","4,366.36","4,367.53","4,289.40","","1.79%"
"03/03/2020","4,289.40","4,289.40","4,365.14","4,282.21","","0.13%"
"03/02/2020","4,283.63","4,283.63","4,286.78","4,122.63","","3.91%"
"02/28/2020","4,122.63","4,122.63","4,263.24","4,122.63","","-3.30%"
"02/27/2020","4,263.24","4,263.24","4,299.74","4,205.00","","-0.80%"
"02/26/2020","4,297.70","4,297.70","4,363.65","4,297.70","","-1.46%"
"02/25/2020","4,361.41","4,361.41","4,439.09","4,361.41","","-1.56%"
"02/24/2020","4,430.63","4,430.63","4,532.62","4,420.87","","-2.25%"
"02/21/2020","4,532.62","4,532.62","4,540.47","4,524.26","","-0.08%"
"02/20/2020","4,536.05","4,536.05","4,550.30","4,503.68","","0.37%"
"02/19/2020","4,519.19","4,519.19","4,568.83","4,494.48","","-0.54%"
"02/18/2020","4,543.62","4,543.62","4,631.33","4,543.39","","-1.89%"
"02/17/2020","4,631.33","4,631.33","4,657.35","4,618.82","","-0.53%"
"02/14/2020","4,655.86","4,655.86","4,670.34","4,628.61","","-0.08%"
"02/13/2020","4,659.81","4,659.81","4,667.90","4,626.83","","-0.17%"
"02/12/2020","4,667.90","4,667.90","4,687.79","4,655.79","","0.16%"
"02/11/2020","4,660.27","4,660.27","4,660.88","4,627.63","","0.71%"
"02/10/2020","4,627.63","4,627.63","4,687.85","4,619.97","","-1.26%"
"02/07/2020","4,686.83","4,686.83","4,705.75","4,659.36","","-0.27%"
"02/06/2020","4,699.53","4,699.53","4,710.61","4,675.28","","0.52%"
"02/05/2020","4,675.28","4,675.28","4,709.52","4,666.10","","0.13%"
"02/04/2020","4,669.25","4,669.25","4,683.78","4,579.45","","1.96%"
"02/03/2020","4,579.45","4,579.45","4,605.01","4,571.08","","0.16%"
"01/31/2020","4,572.06","4,572.06","4,587.46","4,538.99","","0.46%"
"01/30/2020","4,550.91","4,550.91","4,573.85","4,519.31","","-0.50%"
"01/29/2020","4,573.85","4,573.85","4,582.60","4,552.09","","0.08%"
"01/28/2020","4,570.42","4,570.42","4,607.30","4,557.66","","0.19%"
"01/27/2020","4,561.60","4,561.60","4,642.30","4,530.44","","-1.71%"
"01/24/2020","4,640.86","4,640.86","4,694.90","4,634.08","","-0.24%"
"01/23/2020","4,652.01","4,652.01","4,674.48","4,610.67","","-0.39%"
"01/22/2020","4,670.02","4,670.02","4,720.49","4,666.50","","-0.51%"
"01/21/2020","4,693.92","4,693.92","4,816.01","4,693.16","","-2.54%"
"01/20/2020","4,816.01","4,816.01","4,894.27","4,810.53","","-1.34%"
"01/17/2020","4,881.32","4,881.32","4,912.13","4,867.24","","-0.25%"
"01/16/2020","4,893.52","4,893.52","4,893.52","4,866.72","","0.20%"
"01/15/2020","4,883.68","4,883.68","4,922.18","4,847.12","","-0.78%"
"01/14/2020","4,922.18","4,922.18","4,969.83","4,901.79","","-0.74%"
"01/13/2020","4,958.79","4,958.79","5,000.36","4,950.83","","-0.75%"
"01/10/2020","4,996.19","4,996.19","4,996.36","4,889.92","589.00M","2.00%"
"01/09/2020","4,898.43","4,898.43","4,914.40","4,862.34","720.00M","-0.23%"
"01/08/2020","4,909.76","4,909.76","4,920.98","4,875.46","727.00M","-0.07%"
"01/07/2020","4,913.36","4,913.36","4,918.97","4,870.04","817.00M","0.59%"
"01/06/2020","4,884.39","4,884.39","4,885.46","4,785.43","636.00M","0.92%"
"01/03/2020","4,839.70","4,839.70","4,839.70","4,744.52","635.00M","0.73%"
"01/02/2020","4,804.59","4,804.59","4,804.92","4,669.85","443.00M","2.89%"
"12/30/2019","4,669.85","4,669.85","4,687.82","4,653.43","619.00M","0.02%"
"12/27/2019","4,669.06","4,669.06","4,675.83","4,647.20","913.00M","-0.10%"
"12/26/2019","4,673.77","4,673.77","4,728.96","4,656.29","746.00M","-0.87%"
"12/24/2019","4,714.65","4,714.65","4,729.12","4,710.15","142.00M","-0.24%"
"12/23/2019","4,726.10","4,726.10","4,753.86","4,707.36","543.00M","-0.21%"
"12/20/2019","4,735.95","4,735.95","4,767.69","4,729.25","1.67B","-0.36%"
"12/19/2019","4,752.91","4,752.91","4,755.94","4,724.23","1.07B","0.29%"
"12/18/2019","4,739.00","4,739.00","4,821.64","4,706.91","1.09B","-1.57%"
"12/17/2019","4,814.68","4,814.68","4,876.99","4,795.86","1.17B","-1.26%"
"12/16/2019","4,876.31","4,876.31","4,904.18","4,874.59","652.00M","-0.18%"
"12/13/2019","4,884.92","4,884.92","4,905.93","4,815.27","844.00M","1.45%"
"12/12/2019","4,815.27","4,815.27","4,821.01","4,783.51","1.24B","0.64%"
"12/11/2019","4,784.73","4,784.73","4,813.89","4,759.73","950.00M","0.53%"
"12/10/2019","4,759.73","4,759.73","4,773.62","4,739.61","630.00M","0.24%"
"12/09/2019","4,748.20","4,748.20","4,753.29","4,711.51","957.00M","0.52%"
"12/06/2019","4,723.80","4,723.80","4,749.50","4,719.79","811.00M","-0.24%"
"12/05/2019","4,735.10","4,735.10","4,749.77","4,644.98","1.69B","1.94%"
"12/04/2019","4,644.98","4,644.98","4,644.98","4,492.92","1.02B","3.38%"
"12/03/2019","4,492.92","4,492.92","4,510.58","4,468.90","793.00M","-0.19%"
"12/02/2019","4,501.58","4,501.58","4,553.04","4,499.70","795.00M","-0.82%"
"11/29/2019","4,538.80","4,538.80","4,599.78","4,497.56","763.00M","0.45%"
"11/28/2019","4,518.68","4,518.68","4,596.44","4,494.04","546.00M","-1.69%"
"11/27/2019","4,596.44","4,596.44","4,611.73","4,559.78","1.16B","0.73%"
"11/26/2019","4,563.00","4,563.00","4,672.16","4,548.22","2.41B","-1.91%"
"11/25/2019","4,651.65","4,651.65","4,729.90","4,649.70","816.00M","-1.65%"
"11/22/2019","4,729.90","4,729.90","4,752.90","4,692.92","","-0.30%"
"11/21/2019","4,744.30","4,744.30","4,790.43","4,735.23","700.00M","-0.87%"
"11/20/2019","4,786.12","4,786.12","4,816.95","4,743.84","1.29B","-0.12%"
"11/19/2019","4,791.88","4,791.88","4,817.73","4,750.45","922.00M","-0.46%"
"11/18/2019","4,814.17","4,814.17","4,890.07","4,777.63","989.00M","-0.97%"
"11/15/2019","4,861.44","4,861.44","4,862.40","4,498.52","1.66B","8.07%"
"11/14/2019","4,498.52","4,498.52","4,505.29","4,412.21","1.30B","1.96%"
"11/13/2019","4,412.25","4,412.25","4,545.05","4,409.50","1.50B","-2.90%"
"11/12/2019","4,544.20","4,544.20","4,619.96","4,428.21","1.60B","-1.63%"
"11/11/2019","4,619.59","4,619.59","4,690.88","4,596.30","818.00M","-1.52%"
"11/08/2019","4,690.88","4,690.88","4,704.03","4,654.59","","0.39%"
"11/07/2019","4,672.77","4,672.77","4,672.78","4,597.56","1.99B","1.60%"
"11/06/2019","4,599.38","4,599.38","4,730.44","4,566.95","1.48B","-2.76%"
"11/05/2019","4,730.12","4,730.12","4,801.56","4,687.96","1.53B","-1.49%"
"11/04/2019","4,801.56","4,801.56","4,833.98","4,744.13","1.09B","1.21%"
"10/30/2019","4,744.13","4,744.13","4,880.87","4,699.61","1.35B","-2.80%"
"10/29/2019","4,880.87","4,880.87","4,962.77","4,852.23","697.00M","-1.64%"
"10/28/2019","4,962.34","4,962.34","4,972.71","4,943.16","698.00M","0.37%"
"10/25/2019","4,943.85","4,943.85","5,014.95","4,942.69","548.00M","-1.42%"
"10/24/2019","5,014.95","5,014.95","5,014.95","4,853.52","1.20B","2.13%"
"10/23/2019","4,910.54","4,910.54","5,005.60","4,896.75","","-1.65%"
"10/22/2019","4,992.77","4,992.77","5,017.43","4,926.86","1.57B","0.80%"
"10/21/2019","4,953.20","4,953.20","5,194.01","4,921.45","1.01B","-4.61%"
"10/18/2019","5,192.39","5,192.39","5,192.39","5,167.44","","0.39%"
"10/17/2019","5,172.31","5,172.31","5,180.14","5,143.16","537.00M","0.43%"
"10/16/2019","5,150.11","5,150.11","5,157.50","5,125.05","510.00M","-0.14%"
"10/15/2019","5,157.50","5,157.50","5,157.50","5,128.44","553.00M","0.51%"
"10/14/2019","5,131.57","5,131.57","5,146.64","5,119.96","639.00M","-0.10%"
"10/11/2019","5,136.60","5,136.60","5,136.60","5,056.11","520.00M","1.59%"
"10/10/2019","5,056.11","5,056.11","5,062.25","5,028.97","573.00M","0.47%"
"10/09/2019","5,032.56","5,032.56","5,061.87","5,028.92","314.00M","-0.17%"
"10/08/2019","5,041.19","5,041.19","5,050.95","5,021.28","366.00M","-0.19%"
"10/07/2019","5,050.95","5,050.95","5,051.36","5,028.59","510.00M","0.21%"
"10/04/2019","5,040.20","5,040.20","5,043.83","5,000.77","738.00M","0.79%"
"10/03/2019","5,000.77","5,000.77","5,025.26","4,983.94","","-0.42%"
"10/02/2019","5,021.67","5,021.67","5,046.11","5,008.09","943.00M","-0.42%"
"10/01/2019","5,042.61","5,042.61","5,063.36","5,029.23","587.00M","-0.32%"
"09/30/2019","5,059.04","5,059.04","5,121.34","5,037.75","686.00M","-0.80%"
"09/27/2019","5,099.64","5,099.64","5,152.27","5,026.19","605.00M","1.46%"
"09/26/2019","5,026.19","5,026.19","5,026.19","5,003.71","473.00M","0.40%"
"09/25/2019","5,006.24","5,006.24","5,006.24","4,954.54","537.00M","0.11%"
"09/24/2019","5,000.64","5,000.64","5,041.30","4,988.40","600.00M","-0.49%"
"09/23/2019","5,025.21","5,025.21","5,078.17","5,020.48","1.31B","-0.94%"
"09/17/2019","5,072.93","5,072.93","5,072.93","5,030.64","1.94B","0.06%"
"09/16/2019","5,069.68","5,069.68","5,069.68","4,985.30","685.00M","1.30%"
"09/13/2019","5,004.44","5,004.44","5,008.40","4,962.96","513.00M","0.60%"
"09/12/2019","4,974.80","4,974.80","4,975.85","4,939.32","693.00M","0.36%"
"09/11/2019","4,957.00","4,957.00","4,957.00","4,859.07","2.95B","1.57%"
"09/10/2019","4,880.27","4,880.27","4,880.60","4,845.17","662.00M","0.40%"
"09/09/2019","4,860.63","4,860.63","4,864.20","4,820.61","372.00M","0.77%"
"09/06/2019","4,823.57","4,823.57","4,838.03","4,811.08","451.00M","0.12%"
"09/05/2019","4,817.83","4,817.83","4,821.84","4,757.44","1.02B","1.27%"
"09/04/2019","4,757.44","4,757.44","4,759.91","4,713.35","500.00M","0.94%"
"09/03/2019","4,713.35","4,713.35","4,772.20","4,713.35","450.00M","-1.23%"
"09/02/2019","4,772.20","4,772.20","4,804.80","4,764.81","182.00M","-0.67%"
"08/30/2019","4,804.37","4,804.37","4,804.58","4,692.03","871.00M","2.39%"
"08/29/2019","4,692.20","4,692.20","4,692.59","4,609.64","497.00M","1.79%"
"08/28/2019","4,609.64","4,609.64","4,619.68","4,590.15","946.00M","0.10%"
"08/27/2019","4,604.96","4,604.96","4,664.20","4,604.68","3.10B","-0.25%"
"08/26/2019","4,616.64","4,616.64","4,674.85","4,598.62","440.00M","-0.69%"
"08/23/2019","4,648.62","4,648.62","4,739.75","4,648.62","740.00M","-1.91%"
"08/22/2019","4,738.97","4,738.97","4,790.82","4,729.42","760.00M","-0.95%"
"08/21/2019","4,784.49","4,784.49","4,805.87","4,777.04","638.00M","0.16%"
"08/20/2019","4,777.04","4,777.04","4,798.25","4,770.41","549.00M","-0.21%"
"08/19/2019","4,787.01","4,787.01","4,829.11","4,787.01","369.00M","-0.24%"
"08/16/2019","4,798.52","4,798.52","4,807.87","4,773.63","603.00M","0.37%"
"08/14/2019","4,781.03","4,781.03","4,846.59","4,781.03","661.00M","-1.33%"
"08/13/2019","4,845.60","4,845.60","4,873.39","4,821.23","1.23B","0.37%"
"08/12/2019","4,827.53","4,827.53","4,913.10","4,803.70","491.00M","-1.74%"
"08/09/2019","4,913.10","4,913.10","4,940.65","4,891.42","511.00M","0.06%"
"08/08/2019","4,910.08","4,910.08","4,912.15","4,811.07","713.00M","2.06%"
"08/07/2019","4,811.07","4,811.07","4,824.96","4,763.57","833.00M","0.69%"
"08/06/2019","4,777.87","4,777.87","4,835.15","4,777.87","845.00M","-0.05%"
"08/05/2019","4,780.39","4,780.39","4,885.29","4,761.56","835.00M","-2.15%"
"08/02/2019","4,885.29","4,885.29","4,940.81","4,872.65","476.00M","-1.12%"
"08/01/2019","4,940.81","4,940.81","4,990.51","4,940.40","435.00M","-0.63%"
"07/31/2019","4,972.36","4,972.36","5,008.56","4,972.11","713.00M","-0.57%"
"07/30/2019","5,001.10","5,001.10","5,007.66","4,986.69","437.00M","0.01%"
"07/29/2019","5,000.71","5,000.71","5,000.71","4,980.34","322.00M","0.39%"
"07/26/2019","4,981.09","4,981.09","5,018.55","4,975.38","507.00M","-0.23%"
"07/25/2019","4,992.75","4,992.75","4,993.40","4,963.11","557.00M","0.47%"
"07/24/2019","4,969.33","4,969.33","4,997.63","4,966.32","295.00M","-0.57%"
"07/23/2019","4,997.63","4,997.63","5,039.52","4,991.67","572.00M","-0.68%"
"07/22/2019","5,032.09","5,032.09","5,062.93","5,023.13","665.00M","-0.41%"
"07/19/2019","5,052.72","5,052.72","5,059.10","5,029.48","465.00M","0.23%"
"07/18/2019","5,041.09","5,041.09","5,057.21","5,035.74","310.00M","-0.19%"
"07/17/2019","5,050.75","5,050.75","5,082.74","5,041.07","512.00M","-0.51%"
"07/15/2019","5,076.43","5,076.43","5,079.76","5,062.25","212.00M","0.16%"
"07/12/2019","5,068.41","5,068.41","5,086.27","5,066.98","356.00M","-0.13%"
"07/11/2019","5,074.88","5,074.88","5,090.28","5,068.82","730.00M","0.03%"
"07/10/2019","5,073.48","5,073.48","5,074.68","5,046.87","630.00M","0.38%"
"07/09/2019","5,054.21","5,054.21","5,073.45","5,037.79","577.00M","-0.25%"
"07/08/2019","5,066.69","5,066.69","5,075.96","5,048.28","437.00M","-0.18%"
"07/05/2019","5,075.73","5,075.73","5,076.73","5,016.10","486.00M","0.41%"
"07/04/2019","5,054.87","5,054.87","5,057.64","5,039.01","325.00M","0.00%"
"07/03/2019","5,054.95","5,054.95","5,055.24","5,009.72","588.00M","0.90%"
"07/02/2019","5,009.72","5,009.72","5,064.80","5,009.72","","-1.05%"
"07/01/2019","5,062.90","5,062.90","5,099.89","5,062.90","498.00M","-0.15%"
"06/28/2019","5,070.71","5,070.71","5,082.00","5,048.96","447.00M","-0.07%"
"06/27/2019","5,074.03","5,074.03","5,091.90","5,046.76","346.00M","-0.19%"
"06/26/2019","5,083.55","5,083.55","5,098.18","5,075.50","484.00M","-0.29%"
"06/25/2019","5,098.18","5,098.18","5,098.44","5,077.24","591.00M","0.15%"
"06/24/2019","5,090.65","5,090.65","5,092.48","5,048.07","441.00M","0.61%"
"06/21/2019","5,060.00","5,060.00","5,063.98","5,043.66","1.50B","-0.01%"
"06/20/2019","5,060.72","5,060.72","5,061.50","5,031.05","684.00M","0.54%"
"06/19/2019","5,033.60","5,033.60","5,040.57","5,019.44","460.00M","-0.14%"
"06/18/2019","5,040.57","5,040.57","5,057.95","5,024.92","927.00M","0.31%"
"06/17/2019","5,024.92","5,024.92","5,060.01","5,024.92","276.00M","-0.67%"
"06/14/2019","5,058.88","5,058.88","5,072.83","5,042.72","351.00M","-0.25%"
"06/13/2019","5,071.76","5,071.76","5,076.47","5,054.63","581.00M","0.08%"
"06/12/2019","5,067.85","5,067.85","5,083.13","5,057.11","532.00M","-0.03%"
"06/11/2019","5,069.24","5,069.24","5,093.04","5,018.99","922.00M","1.00%"
"06/10/2019","5,018.99","5,018.99","5,019.76","4,951.13","582.00M","1.37%"
"06/07/2019","4,951.13","4,951.13","4,968.86","4,922.68","632.00M","0.49%"
"06/06/2019","4,926.98","4,926.98","4,967.11","4,921.80","808.00M","-0.61%"
"06/05/2019","4,957.45","4,957.45","5,019.41","4,951.55","421.00M","-0.96%"
"06/04/2019","5,005.39","5,005.39","5,035.55","5,003.49","671.00M","-0.16%"
"06/03/2019","5,013.66","5,013.66","5,019.90","4,974.09","536.00M","0.73%"
"05/31/2019","4,977.09","4,977.09","4,987.56","4,904.18","721.00M","0.86%"
"05/30/2019","4,934.41","4,934.41","4,941.56","4,874.90","889.00M","1.18%"
"05/29/2019","4,876.71","4,876.71","4,877.90","4,798.35","1.27B","1.63%"
"05/28/2019","4,798.35","4,798.35","4,862.77","4,798.35","2.34B","-1.07%"
"05/27/2019","4,850.38","4,850.38","4,882.98","4,850.29","240.00M","-0.64%"
"05/24/2019","4,881.47","4,881.47","4,911.73","4,881.47","422.00M","-0.25%"
"05/23/2019","4,893.89","4,893.89","4,920.89","4,877.84","469.00M","-0.55%"
"05/22/2019","4,920.89","4,920.89","4,950.49","4,914.48","506.00M","0.13%"
"05/20/2019","4,914.48","4,914.48","4,940.37","4,914.48","444.00M","-0.23%"
"05/17/2019","4,925.58","4,925.58","4,984.26","4,925.58","627.00M","-1.05%"
"05/16/2019","4,977.75","4,977.75","5,015.24","4,977.75","617.00M","-0.55%"
"05/15/2019","5,005.24","5,005.24","5,023.27","4,972.53","631.00M","-0.27%"
"05/14/2019","5,018.93","5,018.93","5,022.75","4,967.26","","0.98%"
"05/13/2019","4,970.01","4,970.01","5,077.01","4,969.82","545.00M","-1.60%"
"05/10/2019","5,050.57","5,050.57","5,073.11","5,010.44","624.00M","0.10%"
"05/09/2019","5,045.54","5,045.54","5,069.10","5,016.35","1.09B","-0.30%"
"05/08/2019","5,060.47","5,060.47","5,080.31","5,039.04","918.00M","-0.36%"
"05/07/2019","5,078.64","5,078.64","5,124.94","5,069.46","966.00M","-0.89%"
"05/06/2019","5,124.21","5,124.21","5,143.43","5,086.06","614.00M","-0.16%"
"05/03/2019","5,132.32","5,132.32","5,178.46","5,132.32","457.00M","-0.18%"
"05/02/2019","5,141.58","5,141.58","5,193.09","5,141.58","964.00M","-0.88%"
"04/30/2019","5,187.10","5,187.10","5,187.32","5,156.75","662.00M","0.33%"
"04/29/2019","5,169.86","5,169.86","5,191.70","5,168.57","415.00M","-0.42%"
"04/26/2019","5,191.70","5,191.70","5,192.98","5,149.42","284.00M","0.41%"
"04/25/2019","5,170.42","5,170.42","5,204.89","5,155.48","398.00M","-0.60%"
"04/24/2019","5,201.44","5,201.44","5,224.15","5,171.41","551.00M","-0.30%"
"04/23/2019","5,217.07","5,217.07","5,237.18","5,197.91","405.00M","-0.33%"
"04/22/2019","5,234.30","5,234.30","5,263.70","5,232.96","359.00M","-0.52%"
"04/18/2019","5,261.71","5,261.71","5,277.79","5,245.22","484.00M","-0.26%"
"04/17/2019","5,275.43","5,275.43","5,279.13","5,258.35","742.00M","0.27%"
"04/16/2019","5,261.00","5,261.00","5,261.94","5,228.30","339.00M","0.55%"
"04/15/2019","5,232.32","5,232.32","5,255.10","5,229.03","284.00M","-0.14%"
"04/12/2019","5,239.57","5,239.57","5,259.05","5,224.76","423.00M","-0.29%"
"04/11/2019","5,254.87","5,254.87","5,281.42","5,244.38","549.00M","-0.44%"
"04/10/2019","5,278.00","5,278.00","5,285.50","5,265.74","534.00M","-0.07%"
"04/09/2019","5,281.78","5,281.78","5,282.15","5,241.44","2.30B","0.13%"
"04/08/2019","5,274.72","5,274.72","5,274.72","5,243.63","426.00M","0.38%"
"04/05/2019","5,254.94","5,254.94","5,290.29","5,254.94","571.00M","-0.54%"
"04/04/2019","5,283.70","5,283.70","5,283.70","5,205.03","","1.16%"
"04/03/2019","5,222.96","5,222.96","5,243.32","5,202.69","689.00M","0.28%"
"04/02/2019","5,208.55","5,208.55","5,265.31","5,193.33","537.00M","-0.92%"
"04/01/2019","5,256.67","5,256.67","5,286.47","5,255.56","430.00M","-0.05%"
"03/29/2019","5,259.41","5,259.41","5,259.41","5,214.02","592.00M","0.87%"
"03/28/2019","5,214.02","5,214.02","5,214.02","5,167.33","370.00M","0.77%"
"03/27/2019","5,174.14","5,174.14","5,192.92","5,155.63","361.00M","-0.32%"
"03/26/2019","5,190.89","5,190.89","5,209.83","5,166.67","446.00M","-0.05%"
"03/25/2019","5,193.52","5,193.52","5,223.56","5,155.19","819.00M","-0.32%"
"03/22/2019","5,209.98","5,209.98","5,264.54","5,176.24","435.00M","-0.98%"
"03/21/2019","5,261.33","5,261.33","5,262.38","5,233.37","413.00M","0.31%"
"03/20/2019","5,245.09","5,245.09","5,309.84","5,245.09","434.00M","-1.14%"
"03/19/2019","5,305.72","5,305.72","5,337.53","5,304.07","709.00M","-0.35%"
"03/18/2019","5,324.40","5,324.40","5,339.21","5,306.96","644.00M","0.01%"
"03/15/2019","5,324.12","5,324.12","5,345.32","5,300.79","1.39B","0.44%"
"03/14/2019","5,300.79","5,300.79","5,317.86","5,287.06","759.00M","-0.24%"
"03/13/2019","5,313.49","5,313.49","5,317.30","5,289.44","809.00M","0.45%"
"03/12/2019","5,289.44","5,289.44","5,328.39","5,273.77","600.00M","-0.19%"
"03/11/2019","5,299.33","5,299.33","5,328.04","5,273.77","531.00M","0.46%"
"03/08/2019","5,274.96","5,274.96","5,285.31","5,213.71","446.00M","0.35%"
"03/07/2019","5,256.82","5,256.82","5,267.59","5,236.42","1.95B","0.01%"
"03/06/2019","5,256.07","5,256.07","5,260.34","5,229.90","600.00M","0.50%"
"03/05/2019","5,229.90","5,229.90","5,253.94","5,227.53","438.00M","-0.21%"
"03/04/2019","5,240.89","5,240.89","5,291.91","5,229.98","360.00M","-0.64%"
"03/01/2019","5,274.66","5,274.66","5,300.63","5,269.44","527.00M","-0.24%"
"02/28/2019","5,287.54","5,287.54","5,372.59","5,281.01","984.00M","-1.58%"
"02/27/2019","5,372.59","5,372.59","5,475.59","5,356.58","666.00M","-1.88%"
"02/26/2019","5,475.54","5,475.54","5,493.32","5,449.79","581.00M","-0.08%"
"02/25/2019","5,479.69","5,479.69","5,515.18","5,477.96","527.00M","-0.08%"
"02/22/2019","5,483.92","5,483.92","5,485.09","5,435.13","537.00M","0.82%"
"02/21/2019","5,439.12","5,439.12","5,439.21","5,388.36","468.00M","0.53%"
"02/20/2019","5,410.50","5,410.50","5,421.81","5,384.99","492.00M","0.45%"
"02/19/2019","5,386.31","5,386.31","5,387.37","5,358.89","549.00M","0.30%"
"02/18/2019","5,370.29","5,370.29","5,401.47","5,361.51","163.00M","-0.55%"
"02/15/2019","5,399.83","5,399.83","5,401.79","5,356.37","471.00M","0.44%"
"02/14/2019","5,376.39","5,376.39","5,398.75","5,368.13","587.00M","-0.19%"
"02/13/2019","5,386.61","5,386.61","5,398.75","5,376.82","731.00M","0.03%"
"02/12/2019","5,384.88","5,384.88","5,384.88","5,359.44","382.00M","0.18%"
"02/11/2019","5,375.07","5,375.07","5,398.28","5,363.02","415.00M","-0.07%"
"02/08/2019","5,379.09","5,379.09","5,431.13","5,360.37","343.00M","-0.88%"
"02/07/2019","5,426.94","5,426.94","5,442.87","5,409.27","581.00M","0.01%"
"02/06/2019","5,426.51","5,426.51","5,470.81","5,425.41","515.00M","-0.73%"
"02/05/2019","5,466.54","5,466.54","5,479.84","5,461.82","724.00M","-0.12%"
"02/04/2019","5,472.93","5,472.93","5,481.08","5,429.30","290.00M","0.37%"
"02/01/2019","5,452.97","5,452.97","5,455.36","5,405.61","370.00M","0.88%"
"01/31/2019","5,405.61","5,405.61","5,452.81","5,388.31","","0.32%"
"01/30/2019","5,388.34","5,388.34","5,422.36","5,386.60","442.00M","-0.51%"
"01/29/2019","5,415.76","5,415.76","5,446.60","5,407.92","514.00M","-0.55%"
"01/28/2019","5,445.91","5,445.91","5,446.08","5,376.24","590.00M","0.08%"
"01/25/2019","5,441.72","5,441.72","5,442.45","5,407.02","394.00M","0.50%"
"01/24/2019","5,414.85","5,414.85","5,415.50","5,385.44","764.00M","0.22%"
"01/23/2019","5,402.74","5,402.74","5,418.67","5,369.13","518.00M","0.03%"
"01/22/2019","5,401.13","5,401.13","5,456.39","5,344.31","832.00M","-1.01%"
"01/21/2019","5,456.39","5,456.39","5,484.18","5,423.01","280.00M","-0.41%"
"01/18/2019","5,479.04","5,479.04","5,479.36","5,435.94","667.00M","0.79%"
"01/17/2019","5,435.94","5,435.94","5,435.94","5,401.75","546.00M","0.31%"
"01/16/2019","5,419.07","5,419.07","5,419.14","5,373.39","626.00M","0.84%"
"01/15/2019","5,373.92","5,373.92","5,377.58","5,354.25","582.00M","0.31%"
"01/14/2019","5,357.15","5,357.15","5,357.93","5,314.02","1.76B","0.08%"
"01/11/2019","5,352.88","5,352.88","5,358.44","5,297.69","704.00M","1.04%"
"01/10/2019","5,297.95","5,297.95","5,303.31","5,256.29","751.00M","0.64%"
"01/09/2019","5,264.51","5,264.51","5,281.07","5,224.28","","0.77%"
"01/08/2019","5,224.28","5,224.28","5,229.45","5,190.06","","0.66%"
"01/07/2019","5,190.06","5,190.06","5,221.37","5,181.86","","0.02%"
"01/04/2019","5,189.20","5,189.20","5,195.45","5,128.83","","1.17%"
"01/03/2019","5,129.15","5,129.15","5,146.30","5,097.21","","0.07%"
"01/02/2019","5,125.37","5,125.37","5,137.32","5,064.41","278.00M","0.39%"